{"level":"error","message":"数据库连接失败: Access denied for user 'root'@'localhost' (using password: YES)","name":"SequelizeAccessDeniedError","original":{"code":"ER_ACCESS_DENIED_ERROR","errno":1045,"sqlMessage":"Access denied for user 'root'@'localhost' (using password: YES)","sqlState":"28000"},"parent":{"code":"ER_ACCESS_DENIED_ERROR","errno":1045,"sqlMessage":"Access denied for user 'root'@'localhost' (using password: YES)","sqlState":"28000"},"stack":"SequelizeAccessDeniedError: Access denied for user 'root'@'localhost' (using password: YES)\n    at ConnectionManager.connect (E:\\notebook\\backend\\node_modules\\sequelize\\lib\\dialects\\mysql\\connection-manager.js:94:17)\n    at process.processTicksAndRejections (node:internal/process/task_queues:95:5)\n    at async ConnectionManager._connect (E:\\notebook\\backend\\node_modules\\sequelize\\lib\\dialects\\abstract\\connection-manager.js:222:24)\n    at async E:\\notebook\\backend\\node_modules\\sequelize\\lib\\dialects\\abstract\\connection-manager.js:174:32\n    at async ConnectionManager.getConnection (E:\\notebook\\backend\\node_modules\\sequelize\\lib\\dialects\\abstract\\connection-manager.js:197:7)\n    at async E:\\notebook\\backend\\node_modules\\sequelize\\lib\\sequelize.js:305:26\n    at async Sequelize.authenticate (E:\\notebook\\backend\\node_modules\\sequelize\\lib\\sequelize.js:457:5)\n    at async start (E:\\notebook\\backend\\src\\index.js:31:5)","timestamp":"2026-05-22T13:13:23.667Z"}
{"level":"info","message":"数据库连接成功","timestamp":"2026-05-22T13:17:12.503Z"}
{"level":"info","message":"服务器运行在端口 3000","timestamp":"2026-05-22T13:17:12.514Z"}
{"level":"info","message":"POST /api/auth/login","timestamp":"2026-05-22T13:17:29.319Z"}
{"level":"info","message":"POST /api/auth/register","timestamp":"2026-05-22T13:17:50.592Z"}
{"level":"info","message":"数据库连接成功","timestamp":"2026-05-22T13:47:38.260Z"}
{"level":"info","message":"服务器运行在端口 3000","timestamp":"2026-05-22T13:47:38.296Z"}
{"level":"info","message":"POST /api/auth/register","timestamp":"2026-05-22T13:47:45.023Z"}
{"level":"info","message":"数据库连接成功","timestamp":"2026-05-22T13:51:35.155Z"}
{"level":"info","message":"服务器运行在端口 3000","timestamp":"2026-05-22T13:51:35.179Z"}
{"level":"info","message":"POST /api/auth/register","timestamp":"2026-05-22T13:52:13.879Z"}
{"level":"info","message":"数据库连接成功","timestamp":"2026-05-22T13:55:32.569Z"}
{"level":"info","message":"数据表同步完成","timestamp":"2026-05-22T13:55:33.037Z"}
{"level":"info","message":"服务器运行在端口 3000","timestamp":"2026-05-22T13:55:33.063Z"}
{"level":"info","message":"POST /api/auth/register","timestamp":"2026-05-22T13:55:42.551Z"}
{"level":"info","message":"POST /api/auth/login","timestamp":"2026-05-22T13:55:53.472Z"}
{"level":"info","message":"GET /api/review/stats","timestamp":"2026-05-22T13:55:53.677Z"}
{"level":"info","message":"GET /api/notes","timestamp":"2026-05-22T13:55:56.671Z"}
{"level":"info","message":"GET /api/notes","timestamp":"2026-05-22T13:56:06.475Z"}
{"level":"info","message":"GET /api/review/stats","timestamp":"2026-05-22T13:56:07.177Z"}
{"level":"info","message":"GET /api/graph","timestamp":"2026-05-22T13:56:09.726Z"}
{"level":"info","message":"GET /api/notes","timestamp":"2026-05-22T13:56:09.758Z"}
{"level":"info","message":"GET /api/review/stats","timestamp":"2026-05-22T13:56:13.983Z"}
{"level":"info","message":"数据库连接成功","timestamp":"2026-05-22T14:09:23.205Z"}
{"level":"info","message":"数据表同步完成","timestamp":"2026-05-22T14:09:35.897Z"}
{"level":"info","message":"服务器运行在端口 3000","timestamp":"2026-05-22T14:09:35.922Z"}
{"level":"info","message":"GET /api/review/stats","timestamp":"2026-05-22T14:18:16.675Z"}
{"level":"info","message":"GET /api/review/stats","timestamp":"2026-05-22T14:19:47.046Z"}
{"level":"info","message":"数据库连接成功","timestamp":"2026-05-22T14:20:40.147Z"}
{"level":"info","message":"数据表同步完成","timestamp":"2026-05-22T14:20:53.341Z"}
{"level":"info","message":"服务器运行在端口 3000","timestamp":"2026-05-22T14:20:53.363Z"}
{"level":"info","message":"数据库连接成功","timestamp":"2026-05-22T14:22:55.366Z"}
{"level":"info","message":"数据库连接成功","timestamp":"2026-05-22T14:25:57.257Z"}
{"level":"info","message":"数据表同步完成","timestamp":"2026-05-22T14:26:08.859Z"}
{"level":"info","message":"服务器运行在端口 3000","timestamp":"2026-05-22T14:26:08.881Z"}
{"level":"info","message":"GET /api/review/stats","timestamp":"2026-05-22T14:28:06.791Z"}
{"level":"info","message":"GET /api/review/stats","timestamp":"2026-05-22T14:28:08.667Z"}
{"level":"info","message":"GET /api/review/stats","timestamp":"2026-05-22T14:28:12.207Z"}
{"level":"info","message":"GET /api/review/due","timestamp":"2026-05-22T14:28:12.253Z"}
{"level":"info","message":"GET /api/review/stats","timestamp":"2026-05-22T14:28:18.190Z"}
{"level":"info","message":"GET /api/notes","timestamp":"2026-05-22T14:28:19.748Z"}
{"level":"info","message":"GET /api/notes","timestamp":"2026-05-22T14:28:39.669Z"}
{"level":"info","message":"GET /api/review/stats","timestamp":"2026-05-22T14:28:41.395Z"}
{"level":"info","message":"GET /api/graph","timestamp":"2026-05-22T14:28:44.153Z"}
{"level":"info","message":"GET /api/notes","timestamp":"2026-05-22T14:28:44.182Z"}
{"level":"info","message":"GET /api/review/stats","timestamp":"2026-05-22T14:28:52.390Z"}
{"level":"info","message":"数据库连接成功","timestamp":"2026-05-22T14:34:47.832Z"}
{"level":"info","message":"数据表同步完成","timestamp":"2026-05-22T14:35:00.684Z"}
{"level":"info","message":"服务器运行在端口 3000","timestamp":"2026-05-22T14:35:00.706Z"}
{"level":"info","message":"GET /api/review/stats","timestamp":"2026-05-22T14:36:53.789Z"}
{"level":"info","message":"POST /api/auth/login","timestamp":"2026-05-22T14:37:02.209Z"}
{"level":"info","message":"GET /api/review/stats","timestamp":"2026-05-22T14:37:13.628Z"}
{"level":"info","message":"GET /api/review/stats","timestamp":"2026-05-22T14:37:36.851Z"}
{"level":"info","message":"GET /api/review/stats","timestamp":"2026-05-22T14:38:26.495Z"}
{"level":"info","message":"GET /api/review/stats","timestamp":"2026-05-22T14:38:39.897Z"}
{"level":"info","message":"GET /api/review/stats","timestamp":"2026-05-22T14:39:04.890Z"}
{"level":"info","message":"GET /api/review/stats","timestamp":"2026-05-22T14:39:22.397Z"}
{"level":"info","message":"GET /api/review/stats","timestamp":"2026-05-22T14:39:51.393Z"}
{"level":"info","message":"GET /api/review/stats","timestamp":"2026-05-22T14:39:52.577Z"}
{"level":"info","message":"GET /api/notes","timestamp":"2026-05-22T14:39:57.009Z"}
{"level":"info","message":"GET /api/review/stats","timestamp":"2026-05-22T14:40:09.141Z"}
{"level":"info","message":"GET /api/notes","timestamp":"2026-05-22T14:40:10.868Z"}
{"level":"info","message":"POST /api/review/schedule/1","timestamp":"2026-05-22T14:40:12.836Z"}
{"level":"info","message":"POST /api/review/schedule/1","timestamp":"2026-05-22T14:40:16.057Z"}
{"level":"info","message":"GET /api/review/stats","timestamp":"2026-05-22T14:40:18.379Z"}
{"level":"info","message":"GET /api/review/stats","timestamp":"2026-05-22T14:40:20.281Z"}
{"level":"info","message":"GET /api/review/due","timestamp":"2026-05-22T14:40:20.320Z"}
{"level":"info","message":"GET /api/review/stats","timestamp":"2026-05-22T14:40:28.917Z"}
{"level":"info","message":"GET /api/notes","timestamp":"2026-05-22T14:40:30.255Z"}
{"level":"info","message":"GET /api/notes","timestamp":"2026-05-22T14:42:02.136Z"}
{"level":"info","message":"GET /api/review/stats","timestamp":"2026-05-22T14:44:07.384Z"}
{"level":"info","message":"GET /api/notes","timestamp":"2026-05-22T14:44:09.009Z"}
{"level":"info","message":"GET /api/graph","timestamp":"2026-05-22T14:44:09.041Z"}
{"level":"info","message":"GET /api/notes","timestamp":"2026-05-22T14:45:42.062Z"}
{"level":"info","message":"GET /api/notes","timestamp":"2026-05-22T14:47:27.529Z"}
{"level":"info","message":"GET /api/review/stats","timestamp":"2026-05-22T14:48:17.837Z"}
{"level":"info","message":"GET /api/notes","timestamp":"2026-05-22T14:48:19.712Z"}
{"level":"info","message":"GET /api/review/stats","timestamp":"2026-05-22T14:48:21.957Z"}
{"level":"info","message":"GET /api/notes","timestamp":"2026-05-22T14:48:22.823Z"}
{"level":"info","message":"GET /api/notes","timestamp":"2026-05-22T14:54:55.002Z"}
{"level":"info","message":"GET /api/notes","timestamp":"2026-05-22T14:55:56.212Z"}
{"level":"info","message":"GET /api/review/stats","timestamp":"2026-05-22T14:56:52.907Z"}
{"level":"info","message":"GET /api/review/stats","timestamp":"2026-05-22T14:57:02.014Z"}
{"level":"info","message":"GET /api/review/due","timestamp":"2026-05-22T14:57:02.057Z"}
{"level":"info","message":"GET /api/review/stats","timestamp":"2026-05-22T14:57:05.202Z"}
{"level":"info","message":"GET /api/review/stats","timestamp":"2026-05-22T14:57:08.379Z"}
{"level":"info","message":"GET /api/review/due","timestamp":"2026-05-22T14:57:08.416Z"}
{"level":"info","message":"GET /api/review/stats","timestamp":"2026-05-22T14:57:17.065Z"}
{"level":"info","message":"GET /api/review/stats","timestamp":"2026-05-22T14:58:45.786Z"}
{"level":"info","message":"GET /api/review/stats","timestamp":"2026-05-22T14:59:38.486Z"}
{"level":"info","message":"GET /api/review/due","timestamp":"2026-05-22T14:59:38.519Z"}
{"level":"info","message":"GET /api/notes","timestamp":"2026-05-22T14:59:38.544Z"}
{"level":"info","message":"GET /api/review/stats","timestamp":"2026-05-22T14:59:41.143Z"}
{"level":"info","message":"GET /api/review/stats","timestamp":"2026-05-22T14:59:44.933Z"}
{"level":"info","message":"GET /api/review/stats","timestamp":"2026-05-22T14:59:48.406Z"}
{"level":"info","message":"GET /api/review/due","timestamp":"2026-05-22T14:59:48.459Z"}
{"level":"info","message":"GET /api/notes","timestamp":"2026-05-22T14:59:48.497Z"}
{"level":"info","message":"GET /api/review/stats","timestamp":"2026-05-22T14:59:58.526Z"}
{"level":"info","message":"GET /api/review/stats","timestamp":"2026-05-22T15:00:01.847Z"}
{"level":"info","message":"GET /api/review/due","timestamp":"2026-05-22T15:00:01.888Z"}
{"level":"info","message":"GET /api/notes","timestamp":"2026-05-22T15:00:01.918Z"}
{"level":"info","message":"GET /api/review/stats","timestamp":"2026-05-22T15:00:03.988Z"}
{"level":"info","message":"GET /api/notes","timestamp":"2026-05-22T15:00:05.245Z"}
{"level":"info","message":"DELETE /api/notes/1","timestamp":"2026-05-22T15:00:11.941Z"}
{"level":"info","message":"GET /api/notes","timestamp":"2026-05-22T15:00:11.970Z"}
{"level":"info","message":"DELETE /api/notes/1","timestamp":"2026-05-22T15:00:14.987Z"}
{"level":"info","message":"GET /api/notes","timestamp":"2026-05-22T15:00:15.008Z"}
{"level":"info","message":"DELETE /api/notes/1","timestamp":"2026-05-22T15:00:18.606Z"}
{"level":"info","message":"GET /api/notes","timestamp":"2026-05-22T15:00:18.629Z"}
{"level":"info","message":"GET /api/review/stats","timestamp":"2026-05-22T15:00:22.082Z"}
{"level":"info","message":"GET /api/review/stats","timestamp":"2026-05-22T15:00:23.362Z"}
{"level":"info","message":"GET /api/review/due","timestamp":"2026-05-22T15:00:23.395Z"}
{"level":"info","message":"GET /api/notes","timestamp":"2026-05-22T15:00:23.420Z"}
{"level":"info","message":"POST /api/review/review/1","timestamp":"2026-05-22T15:00:31.736Z"}
{"level":"info","message":"GET /api/review/stats","timestamp":"2026-05-22T15:00:37.159Z"}
{"level":"info","message":"GET /api/review/stats","timestamp":"2026-05-22T15:00:39.073Z"}
{"level":"info","message":"GET /api/review/due","timestamp":"2026-05-22T15:00:39.105Z"}
{"level":"info","message":"GET /api/notes","timestamp":"2026-05-22T15:00:39.129Z"}
{"level":"info","message":"GET /api/review/stats","timestamp":"2026-05-22T15:02:09.507Z"}
{"level":"info","message":"GET /api/review/due","timestamp":"2026-05-22T15:02:09.542Z"}
{"level":"info","message":"GET /api/notes","timestamp":"2026-05-22T15:02:09.569Z"}
{"level":"info","message":"GET /api/review/stats","timestamp":"2026-05-22T15:03:01.142Z"}
{"level":"info","message":"GET /api/review/stats","timestamp":"2026-05-22T15:03:04.563Z"}
{"level":"info","message":"GET /api/review/due","timestamp":"2026-05-22T15:03:04.596Z"}
{"level":"info","message":"GET /api/notes","timestamp":"2026-05-22T15:03:04.620Z"}
{"level":"info","message":"GET /api/review/stats","timestamp":"2026-05-22T15:04:01.699Z"}
{"level":"info","message":"GET /api/review/due","timestamp":"2026-05-22T15:04:01.744Z"}
{"level":"info","message":"GET /api/notes","timestamp":"2026-05-22T15:04:01.775Z"}
{"level":"info","message":"GET /api/review/stats","timestamp":"2026-05-22T15:04:09.775Z"}
{"level":"info","message":"GET /api/review/due","timestamp":"2026-05-22T15:04:09.811Z"}
{"level":"info","message":"GET /api/notes","timestamp":"2026-05-22T15:04:09.838Z"}
{"level":"info","message":"GET /api/review/stats","timestamp":"2026-05-22T15:04:20.721Z"}
{"level":"info","message":"GET /api/review/due","timestamp":"2026-05-22T15:04:20.757Z"}
{"level":"info","message":"GET /api/notes","timestamp":"2026-05-22T15:04:20.782Z"}
{"level":"info","message":"GET /api/review/stats","timestamp":"2026-05-22T15:04:29.783Z"}
{"level":"info","message":"GET /api/review/due","timestamp":"2026-05-22T15:04:29.821Z"}
{"level":"info","message":"GET /api/notes","timestamp":"2026-05-22T15:04:29.849Z"}
{"level":"info","message":"GET /api/review/stats","timestamp":"2026-05-22T15:08:59.983Z"}
{"level":"info","message":"GET /api/review/stats","timestamp":"2026-05-22T15:09:02.541Z"}
{"level":"info","message":"GET /api/review/due","timestamp":"2026-05-22T15:09:02.572Z"}
{"level":"info","message":"GET /api/notes","timestamp":"2026-05-22T15:09:02.595Z"}
{"level":"info","message":"GET /api/review/stats","timestamp":"2026-05-22T15:09:05.011Z"}
{"level":"info","message":"GET /api/review/stats","timestamp":"2026-05-22T15:11:21.461Z"}
{"level":"info","message":"GET /api/review/due","timestamp":"2026-05-22T15:14:13.921Z"}
{"level":"info","message":"GET /api/review/stats","timestamp":"2026-05-22T15:14:13.956Z"}
{"level":"info","message":"GET /api/notes","timestamp":"2026-05-22T15:15:02.218Z"}
{"level":"info","message":"GET /api/review/due","timestamp":"2026-05-22T15:15:03.791Z"}
{"level":"info","message":"GET /api/review/stats","timestamp":"2026-05-22T15:15:03.820Z"}
{"level":"info","message":"GET /api/notes","timestamp":"2026-05-22T15:15:05.179Z"}
{"level":"info","message":"GET /api/review/due","timestamp":"2026-05-22T15:15:05.202Z"}
{"level":"info","message":"GET /api/review/stats","timestamp":"2026-05-22T15:15:05.225Z"}
{"level":"info","message":"GET /api/notes","timestamp":"2026-05-22T15:16:27.466Z"}
{"level":"info","message":"GET /api/review/due","timestamp":"2026-05-22T15:16:27.505Z"}
{"level":"info","message":"GET /api/review/stats","timestamp":"2026-05-22T15:16:27.534Z"}
{"level":"info","message":"GET /api/notes","timestamp":"2026-05-22T15:16:37.449Z"}
{"level":"info","message":"GET /api/review/due","timestamp":"2026-05-22T15:16:37.476Z"}
{"level":"info","message":"GET /api/review/stats","timestamp":"2026-05-22T15:16:37.498Z"}
{"level":"info","message":"GET /api/notes","timestamp":"2026-05-22T15:18:53.467Z"}
{"level":"info","message":"GET /api/review/due","timestamp":"2026-05-22T15:18:53.530Z"}
{"level":"info","message":"GET /api/review/stats","timestamp":"2026-05-22T15:18:53.555Z"}
{"level":"info","message":"GET /api/review/due","timestamp":"2026-05-22T15:18:58.832Z"}
{"level":"info","message":"GET /api/review/stats","timestamp":"2026-05-22T15:18:58.869Z"}
{"level":"info","message":"GET /api/notes","timestamp":"2026-05-22T15:19:01.639Z"}
{"level":"info","message":"GET /api/review/due","timestamp":"2026-05-22T15:19:06.466Z"}
{"level":"info","message":"GET /api/review/stats","timestamp":"2026-05-22T15:19:06.489Z"}
{"level":"info","message":"数据库连接成功","timestamp":"2026-05-23T01:17:12.995Z"}
{"level":"info","message":"数据表同步完成","timestamp":"2026-05-23T01:17:23.950Z"}
{"level":"info","message":"服务器运行在端口 3000","timestamp":"2026-05-23T01:17:23.960Z"}
{"level":"info","message":"GET /api/review/due","timestamp":"2026-05-23T01:18:03.715Z"}
{"level":"info","message":"GET /api/review/stats","timestamp":"2026-05-23T01:18:03.762Z"}
{"level":"info","message":"GET /api/notes","timestamp":"2026-05-23T01:18:07.572Z"}
{"level":"info","message":"GET /api/review/due","timestamp":"2026-05-23T01:18:20.037Z"}
{"level":"info","message":"GET /api/review/stats","timestamp":"2026-05-23T01:18:20.056Z"}
{"level":"info","message":"GET /api/review/due","timestamp":"2026-05-23T01:23:51.261Z"}
{"level":"info","message":"GET /api/review/stats","timestamp":"2026-05-23T01:23:51.284Z"}
{"level":"info","message":"GET /api/review/due","timestamp":"2026-05-23T01:24:35.709Z"}
{"level":"info","message":"GET /api/review/stats","timestamp":"2026-05-23T01:24:35.735Z"}
{"level":"info","message":"GET /api/notes","timestamp":"2026-05-23T01:24:37.337Z"}
{"level":"info","message":"GET /api/review/due","timestamp":"2026-05-23T01:24:37.355Z"}
{"level":"info","message":"GET /api/review/stats","timestamp":"2026-05-23T01:24:37.370Z"}
{"level":"info","message":"GET /api/review/due","timestamp":"2026-05-23T01:24:38.660Z"}
{"level":"info","message":"GET /api/review/stats","timestamp":"2026-05-23T01:24:38.674Z"}
{"level":"info","message":"GET /api/review/due","timestamp":"2026-05-23T01:24:41.145Z"}
{"level":"info","message":"GET /api/review/stats","timestamp":"2026-05-23T01:24:41.158Z"}
{"level":"info","message":"GET /api/notes","timestamp":"2026-05-23T01:24:42.345Z"}
{"level":"info","message":"GET /api/review/due","timestamp":"2026-05-23T01:24:42.358Z"}
{"level":"info","message":"GET /api/review/stats","timestamp":"2026-05-23T01:24:42.372Z"}
{"level":"info","message":"GET /api/review/due","timestamp":"2026-05-23T01:24:45.298Z"}
{"level":"info","message":"GET /api/review/stats","timestamp":"2026-05-23T01:24:45.329Z"}
{"level":"info","message":"GET /api/review/due","timestamp":"2026-05-23T01:30:13.627Z"}
{"level":"info","message":"GET /api/review/stats","timestamp":"2026-05-23T01:30:13.651Z"}
{"level":"info","message":"GET /api/review/due","timestamp":"2026-05-23T01:31:06.679Z"}
{"level":"info","message":"GET /api/review/stats","timestamp":"2026-05-23T01:31:06.699Z"}
{"level":"info","message":"GET /api/review/due","timestamp":"2026-05-23T01:31:14.895Z"}
{"level":"info","message":"GET /api/review/stats","timestamp":"2026-05-23T01:31:14.913Z"}
{"level":"info","message":"GET /api/notes","timestamp":"2026-05-23T01:31:18.045Z"}
{"level":"info","message":"GET /api/review/due","timestamp":"2026-05-23T01:31:18.062Z"}
{"level":"info","message":"GET /api/review/stats","timestamp":"2026-05-23T01:31:18.079Z"}
{"level":"info","message":"GET /api/notes","timestamp":"2026-05-23T01:31:30.263Z"}
{"level":"info","message":"GET /api/review/due","timestamp":"2026-05-23T01:31:30.286Z"}
{"level":"info","message":"GET /api/review/stats","timestamp":"2026-05-23T01:31:30.300Z"}
{"level":"info","message":"GET /api/notes","timestamp":"2026-05-23T01:35:48.463Z"}
{"level":"info","message":"GET /api/review/due","timestamp":"2026-05-23T01:35:48.481Z"}
{"level":"info","message":"GET /api/review/stats","timestamp":"2026-05-23T01:35:48.507Z"}
{"level":"info","message":"GET /api/notes","timestamp":"2026-05-23T01:35:50.732Z"}
{"level":"info","message":"GET /api/notes","timestamp":"2026-05-23T01:35:52.497Z"}
{"level":"info","message":"GET /api/review/due","timestamp":"2026-05-23T01:35:52.513Z"}
{"level":"info","message":"GET /api/review/stats","timestamp":"2026-05-23T01:35:52.527Z"}
{"level":"info","message":"GET /api/notes","timestamp":"2026-05-23T01:35:53.654Z"}
{"level":"info","message":"GET /api/notes","timestamp":"2026-05-23T01:35:55.157Z"}
{"level":"info","message":"GET /api/review/due","timestamp":"2026-05-23T01:35:55.170Z"}
{"level":"info","message":"GET /api/review/stats","timestamp":"2026-05-23T01:35:55.185Z"}
{"level":"info","message":"GET /api/notes","timestamp":"2026-05-23T01:59:40.721Z"}
{"level":"info","message":"GET /api/review/due","timestamp":"2026-05-23T01:59:40.739Z"}
{"level":"info","message":"GET /api/review/stats","timestamp":"2026-05-23T01:59:40.761Z"}
{"level":"info","message":"GET /api/notes","timestamp":"2026-05-23T01:59:42.404Z"}
{"level":"info","message":"GET /api/notes","timestamp":"2026-05-23T01:59:52.897Z"}
{"level":"info","message":"GET /api/review/due","timestamp":"2026-05-23T01:59:52.912Z"}
{"level":"info","message":"GET /api/review/stats","timestamp":"2026-05-23T01:59:52.926Z"}
{"level":"info","message":"GET /api/notes","timestamp":"2026-05-23T01:59:54.149Z"}
{"level":"info","message":"GET /api/notes","timestamp":"2026-05-23T01:59:57.715Z"}
{"level":"info","message":"GET /api/review/due","timestamp":"2026-05-23T01:59:57.732Z"}
{"level":"info","message":"GET /api/review/stats","timestamp":"2026-05-23T01:59:57.745Z"}
{"level":"info","message":"GET /api/notes","timestamp":"2026-05-23T01:59:58.839Z"}
{"level":"info","message":"GET /api/notes","timestamp":"2026-05-23T02:00:50.949Z"}
{"level":"info","message":"GET /api/review/due","timestamp":"2026-05-23T02:01:16.528Z"}
{"level":"info","message":"GET /api/review/stats","timestamp":"2026-05-23T02:01:16.546Z"}
{"level":"info","message":"GET /api/review/due","timestamp":"2026-05-23T02:04:23.206Z"}
{"level":"info","message":"GET /api/review/stats","timestamp":"2026-05-23T02:04:23.229Z"}
{"level":"info","message":"GET /api/review/due","timestamp":"2026-05-23T02:06:24.676Z"}
{"level":"info","message":"GET /api/review/stats","timestamp":"2026-05-23T02:06:24.697Z"}
{"level":"info","message":"GET /api/notes","timestamp":"2026-05-23T02:06:25.718Z"}
{"level":"info","message":"POST /api/notes","timestamp":"2026-05-23T02:06:54.417Z"}
{"level":"info","message":"GET /api/notes","timestamp":"2026-05-23T02:06:54.434Z"}
{"level":"info","message":"GET /api/review/due","timestamp":"2026-05-23T02:07:04.309Z"}
{"level":"info","message":"GET /api/review/stats","timestamp":"2026-05-23T02:07:04.321Z"}
{"level":"info","message":"GET /api/notes","timestamp":"2026-05-23T02:09:50.303Z"}
{"level":"info","message":"GET /api/review/due","timestamp":"2026-05-23T02:09:50.319Z"}
{"level":"info","message":"GET /api/review/stats","timestamp":"2026-05-23T02:09:50.336Z"}
{"level":"info","message":"GET /api/notes","timestamp":"2026-05-23T02:11:44.227Z"}
{"level":"info","message":"GET /api/review/due","timestamp":"2026-05-23T02:11:44.245Z"}
{"level":"info","message":"GET /api/review/stats","timestamp":"2026-05-23T02:11:44.260Z"}
{"level":"info","message":"GET /api/notes","timestamp":"2026-05-23T02:14:16.674Z"}
{"level":"info","message":"GET /api/review/due","timestamp":"2026-05-23T02:14:16.693Z"}
{"level":"info","message":"GET /api/review/stats","timestamp":"2026-05-23T02:14:16.711Z"}
{"level":"info","message":"GET /api/notes","timestamp":"2026-05-23T02:14:20.177Z"}
{"level":"info","message":"GET /api/review/due","timestamp":"2026-05-23T02:14:20.195Z"}
{"level":"info","message":"GET /api/review/stats","timestamp":"2026-05-23T02:14:20.213Z"}
{"level":"info","message":"GET /api/notes","timestamp":"2026-05-23T02:14:25.402Z"}
{"level":"info","message":"GET /api/review/due","timestamp":"2026-05-23T02:14:25.421Z"}
{"level":"info","message":"GET /api/review/stats","timestamp":"2026-05-23T02:14:25.438Z"}
{"level":"info","message":"GET /api/notes","timestamp":"2026-05-23T02:14:30.854Z"}
{"level":"info","message":"GET /api/review/due","timestamp":"2026-05-23T02:14:30.872Z"}
{"level":"info","message":"GET /api/review/stats","timestamp":"2026-05-23T02:14:30.885Z"}
{"level":"info","message":"GET /api/notes","timestamp":"2026-05-23T02:15:22.176Z"}
{"level":"info","message":"GET /api/review/due","timestamp":"2026-05-23T02:15:22.190Z"}
{"level":"info","message":"GET /api/review/stats","timestamp":"2026-05-23T02:15:22.210Z"}
{"level":"info","message":"GET /api/notes","timestamp":"2026-05-23T02:15:51.178Z"}
{"level":"info","message":"GET /api/notes","timestamp":"2026-05-23T02:15:53.359Z"}
{"level":"info","message":"GET /api/review/due","timestamp":"2026-05-23T02:15:53.377Z"}
{"level":"info","message":"GET /api/review/stats","timestamp":"2026-05-23T02:15:53.389Z"}
{"level":"info","message":"GET /api/notes","timestamp":"2026-05-23T02:18:55.252Z"}
{"level":"info","message":"GET /api/review/due","timestamp":"2026-05-23T02:18:55.272Z"}
{"level":"info","message":"GET /api/review/stats","timestamp":"2026-05-23T02:18:55.292Z"}
{"level":"info","message":"GET /api/notes","timestamp":"2026-05-23T02:19:28.109Z"}
{"level":"info","message":"GET /api/review/due","timestamp":"2026-05-23T02:19:28.126Z"}
{"level":"info","message":"GET /api/review/stats","timestamp":"2026-05-23T02:19:28.141Z"}
{"level":"info","message":"GET /api/notes","timestamp":"2026-05-23T02:19:49.301Z"}
{"level":"info","message":"GET /api/review/due","timestamp":"2026-05-23T02:19:49.318Z"}
{"level":"info","message":"GET /api/review/stats","timestamp":"2026-05-23T02:19:49.333Z"}
{"level":"info","message":"GET /api/notes","timestamp":"2026-05-23T02:19:53.410Z"}
{"level":"info","message":"GET /api/review/due","timestamp":"2026-05-23T02:19:53.425Z"}
{"level":"info","message":"GET /api/review/stats","timestamp":"2026-05-23T02:19:53.438Z"}
{"level":"info","message":"GET /api/notes","timestamp":"2026-05-23T02:21:16.736Z"}
{"level":"info","message":"GET /api/review/due","timestamp":"2026-05-23T02:21:16.758Z"}
{"level":"info","message":"GET /api/review/stats","timestamp":"2026-05-23T02:21:16.775Z"}
{"level":"info","message":"GET /api/notes","timestamp":"2026-05-23T02:21:21.598Z"}
{"level":"info","message":"GET /api/review/due","timestamp":"2026-05-23T02:21:21.617Z"}
{"level":"info","message":"GET /api/review/stats","timestamp":"2026-05-23T02:21:21.635Z"}
{"level":"info","message":"GET /api/notes","timestamp":"2026-05-23T02:21:27.623Z"}
{"level":"info","message":"GET /api/review/due","timestamp":"2026-05-23T02:21:27.643Z"}
{"level":"info","message":"GET /api/review/stats","timestamp":"2026-05-23T02:21:27.664Z"}
{"level":"info","message":"GET /api/notes","timestamp":"2026-05-23T02:21:45.654Z"}
{"level":"info","message":"GET /api/review/due","timestamp":"2026-05-23T02:21:45.682Z"}
{"level":"info","message":"GET /api/review/stats","timestamp":"2026-05-23T02:21:45.700Z"}
{"level":"info","message":"GET /api/notes","timestamp":"2026-05-23T02:23:31.937Z"}
{"level":"info","message":"GET /api/review/due","timestamp":"2026-05-23T02:23:31.956Z"}
{"level":"info","message":"GET /api/review/stats","timestamp":"2026-05-23T02:23:31.971Z"}
{"level":"info","message":"GET /api/notes","timestamp":"2026-05-23T02:24:15.333Z"}
{"level":"info","message":"GET /api/review/due","timestamp":"2026-05-23T02:24:15.350Z"}
{"level":"info","message":"GET /api/review/stats","timestamp":"2026-05-23T02:24:15.371Z"}
{"level":"info","message":"GET /api/notes","timestamp":"2026-05-23T02:24:19.813Z"}
{"level":"info","message":"GET /api/review/due","timestamp":"2026-05-23T02:24:19.837Z"}
{"level":"info","message":"GET /api/review/stats","timestamp":"2026-05-23T02:24:19.854Z"}
{"level":"info","message":"GET /api/notes","timestamp":"2026-05-23T02:24:40.901Z"}
{"level":"info","message":"GET /api/review/due","timestamp":"2026-05-23T02:24:40.920Z"}
{"level":"info","message":"GET /api/review/stats","timestamp":"2026-05-23T02:24:40.934Z"}
{"level":"info","message":"GET /api/notes","timestamp":"2026-05-23T02:26:56.908Z"}
{"level":"info","message":"GET /api/notes","timestamp":"2026-05-23T02:26:58.520Z"}
{"level":"info","message":"GET /api/review/due","timestamp":"2026-05-23T02:26:58.535Z"}
{"level":"info","message":"GET /api/review/stats","timestamp":"2026-05-23T02:26:58.548Z"}
{"level":"info","message":"GET /api/notes","timestamp":"2026-05-23T02:29:31.659Z"}
{"level":"info","message":"GET /api/review/due","timestamp":"2026-05-23T02:29:31.682Z"}
{"level":"info","message":"GET /api/review/stats","timestamp":"2026-05-23T02:29:31.704Z"}
{"level":"info","message":"GET /api/notes","timestamp":"2026-05-23T02:30:22.559Z"}
{"level":"info","message":"GET /api/review/due","timestamp":"2026-05-23T02:30:22.575Z"}
{"level":"info","message":"GET /api/review/stats","timestamp":"2026-05-23T02:30:22.591Z"}
{"level":"info","message":"GET /api/notes","timestamp":"2026-05-23T02:30:26.909Z"}
{"level":"info","message":"GET /api/review/due","timestamp":"2026-05-23T02:30:26.924Z"}
{"level":"info","message":"GET /api/review/stats","timestamp":"2026-05-23T02:30:26.936Z"}
{"level":"info","message":"GET /api/notes","timestamp":"2026-05-23T02:30:46.140Z"}
{"level":"info","message":"GET /api/review/due","timestamp":"2026-05-23T02:30:46.159Z"}
{"level":"info","message":"GET /api/review/stats","timestamp":"2026-05-23T02:30:46.172Z"}
{"level":"info","message":"GET /api/notes","timestamp":"2026-05-23T02:30:46.339Z"}
{"level":"info","message":"GET /api/review/due","timestamp":"2026-05-23T02:30:46.355Z"}
{"level":"info","message":"GET /api/review/stats","timestamp":"2026-05-23T02:30:46.368Z"}
{"level":"info","message":"GET /api/notes","timestamp":"2026-05-23T02:30:46.509Z"}
{"level":"info","message":"GET /api/review/due","timestamp":"2026-05-23T02:30:46.526Z"}
{"level":"info","message":"GET /api/review/stats","timestamp":"2026-05-23T02:30:46.538Z"}
{"level":"info","message":"GET /api/notes","timestamp":"2026-05-23T02:30:46.685Z"}
{"level":"info","message":"GET /api/review/due","timestamp":"2026-05-23T02:30:46.701Z"}
{"level":"info","message":"GET /api/review/stats","timestamp":"2026-05-23T02:30:46.714Z"}
{"level":"info","message":"GET /api/notes","timestamp":"2026-05-23T02:35:18.760Z"}
{"level":"info","message":"GET /api/review/due","timestamp":"2026-05-23T02:35:18.782Z"}
{"level":"info","message":"GET /api/review/stats","timestamp":"2026-05-23T02:35:18.798Z"}
{"level":"info","message":"GET /api/notes","timestamp":"2026-05-23T02:35:22.982Z"}
{"level":"info","message":"GET /api/notes","timestamp":"2026-05-23T02:35:26.082Z"}
{"level":"info","message":"GET /api/notes","timestamp":"2026-05-23T02:35:28.486Z"}
{"level":"info","message":"GET /api/notes","timestamp":"2026-05-23T02:40:27.573Z"}
{"level":"info","message":"GET /api/notes","timestamp":"2026-05-23T02:40:46.243Z"}
{"level":"info","message":"数据库连接成功","timestamp":"2026-05-23T02:44:48.639Z"}
{"level":"info","message":"数据表同步完成","timestamp":"2026-05-23T02:44:57.871Z"}
{"level":"info","message":"数据库连接成功","timestamp":"2026-05-23T02:45:14.997Z"}
{"level":"info","message":"GET /api/notes","timestamp":"2026-05-23T02:45:23.970Z"}
{"level":"info","message":"数据表同步完成","timestamp":"2026-05-23T02:45:24.459Z"}
{"level":"info","message":"POST /api/auth/login","timestamp":"2026-05-23T02:45:29.859Z"}
{"level":"info","message":"POST /api/auth/register","timestamp":"2026-05-23T02:45:34.761Z"}
{"level":"info","message":"POST /api/auth/register","timestamp":"2026-05-23T02:45:57.410Z"}
{"level":"info","message":"POST /api/auth/login","timestamp":"2026-05-23T02:46:02.724Z"}
{"level":"info","message":"POST /api/notes","timestamp":"2026-05-23T02:46:08.206Z"}
{"level":"info","message":"POST /api/notes","timestamp":"2026-05-23T02:46:14.033Z"}
{"level":"info","message":"POST /api/notes","timestamp":"2026-05-23T02:46:24.086Z"}
{"level":"info","message":"GET /api/notes","timestamp":"2026-05-23T02:55:57.591Z"}
{"level":"info","message":"POST /api/notes","timestamp":"2026-05-23T02:56:03.202Z"}
{"level":"info","message":"GET /api/notes","timestamp":"2026-05-23T02:56:08.846Z"}
{"level":"info","message":"GET /api/notes","timestamp":"2026-05-23T02:57:21.617Z"}
{"level":"info","message":"GET /api/notes","timestamp":"2026-05-23T02:57:22.494Z"}
{"level":"info","message":"GET /api/notes","timestamp":"2026-05-23T02:57:22.648Z"}
{"level":"info","message":"GET /api/notes","timestamp":"2026-05-23T02:57:23.653Z"}
{"level":"info","message":"GET /api/review/due","timestamp":"2026-05-23T02:57:23.701Z"}
{"level":"info","message":"GET /api/review/stats","timestamp":"2026-05-23T02:57:23.718Z"}
{"level":"info","message":"GET /api/notes","timestamp":"2026-05-23T02:57:26.255Z"}
{"level":"info","message":"GET /api/notes","timestamp":"2026-05-23T02:57:27.596Z"}
{"level":"info","message":"GET /api/review/due","timestamp":"2026-05-23T02:57:27.611Z"}
{"level":"info","message":"GET /api/review/stats","timestamp":"2026-05-23T02:57:27.626Z"}
{"level":"info","message":"GET /api/notes","timestamp":"2026-05-23T02:57:28.600Z"}
{"level":"info","message":"GET /api/notes","timestamp":"2026-05-23T02:57:31.028Z"}
{"level":"info","message":"GET /api/review/due","timestamp":"2026-05-23T02:57:31.044Z"}
{"level":"info","message":"GET /api/review/stats","timestamp":"2026-05-23T02:57:31.058Z"}
{"level":"info","message":"GET /api/notes","timestamp":"2026-05-23T02:57:32.237Z"}
{"level":"info","message":"GET /api/notes","timestamp":"2026-05-23T02:57:40.461Z"}
{"level":"info","message":"GET /api/review/due","timestamp":"2026-05-23T02:57:40.476Z"}
{"level":"info","message":"GET /api/review/stats","timestamp":"2026-05-23T02:57:40.492Z"}
{"level":"info","message":"GET /api/notes","timestamp":"2026-05-23T02:57:42.340Z"}
{"level":"info","message":"GET /api/notes","timestamp":"2026-05-23T02:59:48.895Z"}
{"level":"info","message":"GET /api/review/due","timestamp":"2026-05-23T02:59:48.916Z"}
{"level":"info","message":"GET /api/review/stats","timestamp":"2026-05-23T02:59:48.933Z"}
{"level":"info","message":"GET /api/notes","timestamp":"2026-05-23T03:16:38.262Z"}
{"level":"info","message":"GET /api/review/due","timestamp":"2026-05-23T03:16:38.284Z"}
{"level":"info","message":"GET /api/review/stats","timestamp":"2026-05-23T03:16:38.304Z"}
{"level":"info","message":"GET /api/notes","timestamp":"2026-05-23T03:16:40.291Z"}
{"level":"info","message":"GET /api/review/due","timestamp":"2026-05-23T03:16:40.312Z"}
{"level":"info","message":"GET /api/review/stats","timestamp":"2026-05-23T03:16:40.327Z"}
{"level":"info","message":"GET /api/notes","timestamp":"2026-05-23T03:16:48.241Z"}
{"level":"info","message":"GET /api/notes","timestamp":"2026-05-23T03:16:50.386Z"}
{"level":"info","message":"GET /api/review/due","timestamp":"2026-05-23T03:16:50.401Z"}
{"level":"info","message":"GET /api/review/stats","timestamp":"2026-05-23T03:16:50.417Z"}
{"level":"info","message":"GET /api/notes","timestamp":"2026-05-23T03:22:48.141Z"}
{"level":"info","message":"GET /api/notes","timestamp":"2026-05-23T03:22:50.667Z"}
{"level":"info","message":"GET /api/review/due","timestamp":"2026-05-23T03:22:50.686Z"}
{"level":"info","message":"GET /api/review/stats","timestamp":"2026-05-23T03:22:50.703Z"}
{"level":"info","message":"GET /api/notes","timestamp":"2026-05-23T03:24:09.527Z"}
{"level":"info","message":"GET /api/notes","timestamp":"2026-05-23T03:26:47.818Z"}
{"level":"info","message":"GET /api/notes","timestamp":"2026-05-23T03:28:35.648Z"}
{"level":"info","message":"GET /api/notes","timestamp":"2026-05-23T03:40:35.066Z"}
{"level":"info","message":"GET /api/notes","timestamp":"2026-05-23T03:41:49.046Z"}
{"level":"info","message":"GET /api/review/due","timestamp":"2026-05-23T03:41:49.077Z"}
{"level":"info","message":"GET /api/review/stats","timestamp":"2026-05-23T03:41:49.092Z"}
{"level":"info","message":"GET /api/notes","timestamp":"2026-05-23T03:41:50.351Z"}
{"level":"info","message":"GET /api/notes","timestamp":"2026-05-23T03:41:51.634Z"}
{"level":"info","message":"GET /api/review/due","timestamp":"2026-05-23T03:41:51.649Z"}
{"level":"info","message":"GET /api/review/stats","timestamp":"2026-05-23T03:41:51.664Z"}
{"level":"info","message":"GET /api/notes","timestamp":"2026-05-23T03:41:52.853Z"}
{"level":"info","message":"GET /api/notes","timestamp":"2026-05-23T03:41:53.872Z"}
{"level":"info","message":"GET /api/review/due","timestamp":"2026-05-23T03:41:53.886Z"}
{"level":"info","message":"GET /api/review/stats","timestamp":"2026-05-23T03:41:53.900Z"}
{"level":"info","message":"GET /api/notes","timestamp":"2026-05-23T03:41:54.892Z"}
{"level":"info","message":"GET /api/review/due","timestamp":"2026-05-23T03:41:54.910Z"}
{"level":"info","message":"GET /api/review/stats","timestamp":"2026-05-23T03:41:54.925Z"}
{"level":"info","message":"GET /api/notes","timestamp":"2026-05-23T03:42:14.100Z"}
{"level":"info","message":"GET /api/review/due","timestamp":"2026-05-23T03:42:14.117Z"}
{"level":"info","message":"GET /api/review/stats","timestamp":"2026-05-23T03:42:14.135Z"}
{"level":"info","message":"GET /api/notes","timestamp":"2026-05-23T03:42:16.731Z"}
{"level":"info","message":"POST /api/notes","timestamp":"2026-05-23T03:43:01.017Z"}
{"level":"info","message":"GET /api/notes","timestamp":"2026-05-23T03:43:01.035Z"}
{"level":"info","message":"GET /api/notes","timestamp":"2026-05-23T03:43:07.659Z"}
{"level":"info","message":"GET /api/notes","timestamp":"2026-05-23T03:43:46.478Z"}
{"level":"info","message":"GET /api/notes","timestamp":"2026-05-23T03:44:11.595Z"}
{"level":"info","message":"GET /api/notes","timestamp":"2026-05-23T03:44:15.440Z"}
{"level":"info","message":"GET /api/notes","timestamp":"2026-05-23T03:47:55.783Z"}
{"level":"info","message":"POST /api/notes","timestamp":"2026-05-23T03:49:08.727Z"}
{"level":"info","message":"GET /api/notes","timestamp":"2026-05-23T03:54:31.209Z"}
{"level":"info","message":"GET /api/notes","timestamp":"2026-05-23T03:54:31.222Z"}
{"level":"info","message":"POST /api/notes","timestamp":"2026-05-23T03:55:19.702Z"}
{"level":"info","message":"GET /api/notes","timestamp":"2026-05-23T03:58:46.732Z"}
{"level":"info","message":"POST /api/notes","timestamp":"2026-05-23T03:59:47.349Z"}
{"level":"info","message":"GET /api/notes","timestamp":"2026-05-23T04:03:23.236Z"}
{"level":"info","message":"GET /api/notes","timestamp":"2026-05-23T04:03:23.325Z"}
{"level":"info","message":"GET /api/notes","timestamp":"2026-05-23T04:03:23.338Z"}
{"level":"info","message":"GET /api/notes","timestamp":"2026-05-23T04:03:23.348Z"}
{"level":"info","message":"GET /api/notes","timestamp":"2026-05-23T04:03:23.357Z"}
{"level":"info","message":"POST /api/notes","timestamp":"2026-05-23T04:03:33.980Z"}
{"level":"info","message":"GET /api/notes","timestamp":"2026-05-23T04:03:35.924Z"}
{"level":"info","message":"GET /api/notes","timestamp":"2026-05-23T04:03:39.026Z"}
{"level":"info","message":"GET /api/notes","timestamp":"2026-05-23T04:03:45.134Z"}
{"level":"info","message":"GET /api/review/due","timestamp":"2026-05-23T04:03:45.161Z"}
{"level":"info","message":"GET /api/review/stats","timestamp":"2026-05-23T04:03:45.176Z"}
{"level":"info","message":"GET /api/notes","timestamp":"2026-05-23T04:03:47.509Z"}
{"level":"info","message":"GET /api/review/due","timestamp":"2026-05-23T04:03:47.529Z"}
{"level":"info","message":"GET /api/review/stats","timestamp":"2026-05-23T04:03:47.543Z"}
{"level":"info","message":"GET /api/notes","timestamp":"2026-05-23T04:08:35.452Z"}
{"level":"info","message":"GET /api/review/due","timestamp":"2026-05-23T04:08:35.471Z"}
{"level":"info","message":"GET /api/review/stats","timestamp":"2026-05-23T04:08:35.488Z"}
{"level":"info","message":"GET /api/notes","timestamp":"2026-05-23T04:08:37.324Z"}
{"level":"info","message":"GET /api/review/due","timestamp":"2026-05-23T04:08:37.337Z"}
{"level":"info","message":"GET /api/review/stats","timestamp":"2026-05-23T04:08:37.352Z"}
{"level":"info","message":"GET /api/notes","timestamp":"2026-05-23T04:12:04.325Z"}
{"level":"info","message":"GET /api/review/due","timestamp":"2026-05-23T04:12:04.344Z"}
{"level":"info","message":"GET /api/review/stats","timestamp":"2026-05-23T04:12:04.360Z"}
{"level":"info","message":"GET /api/notes","timestamp":"2026-05-23T04:12:25.809Z"}
{"level":"info","message":"GET /api/review/due","timestamp":"2026-05-23T04:12:25.824Z"}
{"level":"info","message":"GET /api/review/stats","timestamp":"2026-05-23T04:12:25.838Z"}
{"level":"info","message":"GET /api/notes","timestamp":"2026-05-23T04:14:48.279Z"}
{"level":"info","message":"GET /api/review/due","timestamp":"2026-05-23T04:14:48.297Z"}
{"level":"info","message":"GET /api/review/stats","timestamp":"2026-05-23T04:14:48.313Z"}
{"level":"info","message":"GET /api/notes","timestamp":"2026-05-23T04:14:49.209Z"}
{"level":"info","message":"POST /api/notes","timestamp":"2026-05-23T04:14:59.223Z"}
{"level":"info","message":"GET /api/notes","timestamp":"2026-05-23T04:15:01.032Z"}
{"level":"info","message":"GET /api/notes","timestamp":"2026-05-23T04:15:06.453Z"}
{"level":"info","message":"GET /api/review/due","timestamp":"2026-05-23T04:15:06.470Z"}
{"level":"info","message":"GET /api/review/stats","timestamp":"2026-05-23T04:15:06.484Z"}
{"level":"info","message":"GET /api/notes","timestamp":"2026-05-23T04:15:07.962Z"}
{"level":"info","message":"GET /api/notes","timestamp":"2026-05-23T04:15:10.592Z"}
{"level":"info","message":"GET /api/review/due","timestamp":"2026-05-23T04:15:10.607Z"}
{"level":"info","message":"GET /api/review/stats","timestamp":"2026-05-23T04:15:10.621Z"}
{"level":"info","message":"GET /api/notes","timestamp":"2026-05-23T04:21:49.476Z"}
{"level":"info","message":"POST /api/notes","timestamp":"2026-05-23T04:21:57.871Z"}
{"level":"info","message":"GET /api/notes","timestamp":"2026-05-23T04:21:59.369Z"}
{"level":"info","message":"GET /api/notes","timestamp":"2026-05-23T04:22:01.427Z"}
{"level":"info","message":"GET /api/review/due","timestamp":"2026-05-23T04:22:01.442Z"}
{"level":"info","message":"GET /api/review/stats","timestamp":"2026-05-23T04:22:01.455Z"}
{"level":"info","message":"数据库连接成功","timestamp":"2026-05-23T05:03:31.097Z"}
{"level":"error","message":"数据库连接失败: SQLITE_CONSTRAINT: FOREIGN KEY constraint failed","name":"SequelizeForeignKeyConstraintError","original":{"code":"SQLITE_CONSTRAINT","errno":19,"sql":"DROP TABLE `users`;"},"parameters":{},"parent":{"code":"SQLITE_CONSTRAINT","errno":19,"sql":"DROP TABLE `users`;"},"sql":"DROP TABLE `users`;","stack":"Error\n    at Database.<anonymous> (E:\\notebook\\backend\\node_modules\\sequelize\\lib\\dialects\\sqlite\\query.js:185:27)\n    at E:\\notebook\\backend\\node_modules\\sequelize\\lib\\dialects\\sqlite\\query.js:183:50\n    at new Promise (<anonymous>)\n    at Query.run (E:\\notebook\\backend\\node_modules\\sequelize\\lib\\dialects\\sqlite\\query.js:183:12)\n    at E:\\notebook\\backend\\node_modules\\sequelize\\lib\\sequelize.js:315:28\n    at async SQLiteQueryInterface.changeColumn (E:\\notebook\\backend\\node_modules\\sequelize\\lib\\dialects\\sqlite\\query-interface.js:43:7)\n    at async User.sync (E:\\notebook\\backend\\node_modules\\sequelize\\lib\\model.js:984:11)\n    at async Sequelize.sync (E:\\notebook\\backend\\node_modules\\sequelize\\lib\\sequelize.js:377:9)\n    at async start (E:\\notebook\\backend\\src\\index.js:33:5)","timestamp":"2026-05-23T05:03:31.297Z"}
{"level":"info","message":"数据库连接成功","timestamp":"2026-05-23T05:07:30.224Z"}
{"level":"info","message":"数据表同步完成","timestamp":"2026-05-23T05:07:30.608Z"}
{"level":"info","message":"服务器运行在端口 3000","timestamp":"2026-05-23T05:07:30.616Z"}
{"level":"info","message":"GET /api/notes","timestamp":"2026-05-23T05:07:35.906Z"}
{"level":"info","message":"GET /api/review/due","timestamp":"2026-05-23T05:07:35.938Z"}
{"level":"info","message":"GET /api/review/stats","timestamp":"2026-05-23T05:07:35.965Z"}
{"level":"info","message":"GET /api/notes","timestamp":"2026-05-23T05:07:37.311Z"}
{"level":"info","message":"GET /api/review/due","timestamp":"2026-05-23T05:07:37.331Z"}
{"level":"info","message":"GET /api/review/stats","timestamp":"2026-05-23T05:07:37.348Z"}
{"level":"info","message":"GET /api/notes","timestamp":"2026-05-23T05:07:38.718Z"}
{"level":"info","message":"POST /api/notes","timestamp":"2026-05-23T05:07:48.469Z"}
{"level":"info","message":"GET /api/notes","timestamp":"2026-05-23T05:15:19.354Z"}
{"level":"info","message":"GET /api/review/due","timestamp":"2026-05-23T05:15:19.374Z"}
{"level":"info","message":"GET /api/review/stats","timestamp":"2026-05-23T05:15:19.390Z"}
{"level":"info","message":"POST /api/auth/login","timestamp":"2026-05-23T05:15:36.672Z"}
{"level":"info","message":"POST /api/auth/register","timestamp":"2026-05-23T05:18:20.580Z"}
{"level":"info","message":"POST /api/auth/login","timestamp":"2026-05-23T05:18:32.335Z"}
{"level":"info","message":"数据库连接成功","timestamp":"2026-05-23T05:23:32.096Z"}
{"level":"info","message":"数据表同步完成","timestamp":"2026-05-23T05:23:41.379Z"}
{"level":"info","message":"服务器运行在端口 3000","timestamp":"2026-05-23T05:23:41.387Z"}
{"level":"info","message":"POST /api/auth/login","timestamp":"2026-05-23T05:26:54.542Z"}
{"level":"info","message":"GET /api/auth/me","timestamp":"2026-05-23T05:28:04.343Z"}
{"level":"info","message":"POST /api/auth/login","timestamp":"2026-05-23T05:28:18.365Z"}
{"level":"info","message":"POST /api/auth/register","timestamp":"2026-05-23T05:28:23.384Z"}
{"level":"info","message":"POST /api/auth/login","timestamp":"2026-05-23T05:28:27.985Z"}
{"level":"info","message":"POST /api/auth/login","timestamp":"2026-05-23T05:34:30.082Z"}
{"level":"info","message":"GET /api/notes","timestamp":"2026-05-23T05:34:30.379Z"}
{"level":"info","message":"GET /api/review/due","timestamp":"2026-05-23T05:34:30.398Z"}
{"level":"info","message":"GET /api/review/stats","timestamp":"2026-05-23T05:34:30.415Z"}
{"level":"info","message":"GET /api/notes","timestamp":"2026-05-23T05:34:33.510Z"}
{"level":"info","message":"POST /api/notes","timestamp":"2026-05-23T05:34:41.850Z"}
{"level":"info","message":"GET /api/notes","timestamp":"2026-05-23T05:34:43.598Z"}
{"level":"info","message":"GET /api/notes","timestamp":"2026-05-23T05:34:45.655Z"}
{"level":"info","message":"GET /api/notes","timestamp":"2026-05-23T05:36:06.979Z"}
{"level":"info","message":"GET /api/notes","timestamp":"2026-05-23T05:36:11.763Z"}
{"level":"info","message":"GET /api/notes","timestamp":"2026-05-23T05:36:16.397Z"}
{"level":"info","message":"GET /api/notes","timestamp":"2026-05-23T05:36:20.750Z"}
{"level":"info","message":"POST /api/notes","timestamp":"2026-05-23T05:36:44.624Z"}
{"level":"info","message":"POST /api/auth/login","timestamp":"2026-05-23T05:36:49.600Z"}
{"level":"info","message":"POST /api/notes","timestamp":"2026-05-23T05:36:49.655Z"}
{"level":"info","message":"GET /api/notes","timestamp":"2026-05-23T05:37:06.559Z"}
{"level":"info","message":"GET /api/notes","timestamp":"2026-05-23T05:37:15.925Z"}
{"level":"info","message":"GET /api/notes","timestamp":"2026-05-23T05:37:50.983Z"}
{"level":"info","message":"GET /api/notes","timestamp":"2026-05-23T05:37:51.913Z"}
{"level":"info","message":"GET /api/review/due","timestamp":"2026-05-23T05:37:51.942Z"}
{"level":"info","message":"GET /api/review/stats","timestamp":"2026-05-23T05:37:51.957Z"}
{"level":"info","message":"POST /api/auth/login","timestamp":"2026-05-23T05:38:16.158Z"}
{"level":"info","message":"GET /api/notes","timestamp":"2026-05-23T05:38:16.219Z"}
{"level":"info","message":"GET /api/review/due","timestamp":"2026-05-23T05:38:16.236Z"}
{"level":"info","message":"GET /api/review/stats","timestamp":"2026-05-23T05:38:16.253Z"}
{"level":"info","message":"GET /api/notes","timestamp":"2026-05-23T05:38:20.872Z"}
{"level":"info","message":"POST /api/notes","timestamp":"2026-05-23T05:38:29.289Z"}
{"level":"info","message":"GET /api/notes","timestamp":"2026-05-23T05:43:59.464Z"}
{"level":"info","message":"GET /api/notes","timestamp":"2026-05-23T05:43:59.478Z"}
{"level":"info","message":"GET /api/notes","timestamp":"2026-05-23T05:43:59.490Z"}
{"level":"info","message":"GET /api/notes","timestamp":"2026-05-23T05:43:59.500Z"}
{"level":"info","message":"GET /api/notes","timestamp":"2026-05-23T05:43:59.510Z"}
{"level":"info","message":"GET /api/notes","timestamp":"2026-05-23T05:43:59.524Z"}
{"level":"info","message":"POST /api/notes","timestamp":"2026-05-23T05:44:08.247Z"}
{"level":"info","message":"GET /api/notes","timestamp":"2026-05-23T05:44:09.767Z"}
{"level":"info","message":"GET /api/notes","timestamp":"2026-05-23T05:44:14.492Z"}
{"level":"info","message":"GET /api/notes","timestamp":"2026-05-23T05:44:17.013Z"}
{"level":"info","message":"GET /api/review/due","timestamp":"2026-05-23T05:44:17.034Z"}
{"level":"info","message":"GET /api/review/stats","timestamp":"2026-05-23T05:44:17.050Z"}
{"level":"info","message":"GET /api/notes","timestamp":"2026-05-23T05:47:13.972Z"}
{"level":"info","message":"GET /api/review/due","timestamp":"2026-05-23T05:47:13.994Z"}
{"level":"info","message":"GET /api/review/stats","timestamp":"2026-05-23T05:47:14.012Z"}
{"level":"info","message":"GET /api/notes","timestamp":"2026-05-23T05:47:14.743Z"}
{"level":"info","message":"POST /api/notes","timestamp":"2026-05-23T05:47:23.879Z"}
{"level":"info","message":"GET /api/notes","timestamp":"2026-05-23T05:47:25.575Z"}
{"level":"info","message":"GET /api/notes","timestamp":"2026-05-23T05:47:55.796Z"}
{"level":"info","message":"数据库连接成功","timestamp":"2026-05-23T05:48:32.614Z"}
{"level":"error","message":"数据库连接失败: SQLITE_CONSTRAINT: FOREIGN KEY constraint failed","name":"SequelizeForeignKeyConstraintError","original":{"code":"SQLITE_CONSTRAINT","errno":19,"sql":"DROP TABLE `users`;"},"parameters":{},"parent":{"code":"SQLITE_CONSTRAINT","errno":19,"sql":"DROP TABLE `users`;"},"sql":"DROP TABLE `users`;","stack":"Error\n    at Database.<anonymous> (E:\\notebook\\backend\\node_modules\\sequelize\\lib\\dialects\\sqlite\\query.js:185:27)\n    at E:\\notebook\\backend\\node_modules\\sequelize\\lib\\dialects\\sqlite\\query.js:183:50\n    at new Promise (<anonymous>)\n    at Query.run (E:\\notebook\\backend\\node_modules\\sequelize\\lib\\dialects\\sqlite\\query.js:183:12)\n    at E:\\notebook\\backend\\node_modules\\sequelize\\lib\\sequelize.js:315:28\n    at async SQLiteQueryInterface.changeColumn (E:\\notebook\\backend\\node_modules\\sequelize\\lib\\dialects\\sqlite\\query-interface.js:43:7)\n    at async User.sync (E:\\notebook\\backend\\node_modules\\sequelize\\lib\\model.js:984:11)\n    at async Sequelize.sync (E:\\notebook\\backend\\node_modules\\sequelize\\lib\\sequelize.js:377:9)\n    at async start (E:\\notebook\\backend\\src\\index.js:33:5)","timestamp":"2026-05-23T05:48:32.870Z"}
{"level":"info","message":"数据库连接成功","timestamp":"2026-05-23T05:51:44.960Z"}
{"level":"info","message":"数据表同步完成","timestamp":"2026-05-23T05:51:45.321Z"}
{"level":"info","message":"服务器运行在端口 3000","timestamp":"2026-05-23T05:51:45.329Z"}
{"level":"info","message":"GET /api/notes","timestamp":"2026-05-23T05:51:51.608Z"}
{"level":"info","message":"POST /api/notes","timestamp":"2026-05-23T05:52:00.443Z"}
{"level":"info","message":"GET /api/notes","timestamp":"2026-05-23T05:54:50.970Z"}
{"level":"info","message":"GET /api/notes","timestamp":"2026-05-23T05:54:53.904Z"}
{"level":"info","message":"GET /api/review/due","timestamp":"2026-05-23T05:54:53.938Z"}
{"level":"info","message":"GET /api/review/stats","timestamp":"2026-05-23T05:54:53.958Z"}
{"level":"info","message":"POST /api/auth/register","timestamp":"2026-05-23T05:57:02.087Z"}
{"level":"info","message":"POST /api/auth/login","timestamp":"2026-05-23T05:57:12.795Z"}
{"level":"info","message":"GET /api/notes","timestamp":"2026-05-23T05:57:12.925Z"}
{"level":"info","message":"GET /api/review/due","timestamp":"2026-05-23T05:57:12.940Z"}
{"level":"info","message":"GET /api/review/stats","timestamp":"2026-05-23T05:57:12.956Z"}
{"level":"info","message":"GET /api/notes","timestamp":"2026-05-23T05:57:13.980Z"}
{"level":"info","message":"POST /api/notes","timestamp":"2026-05-23T05:57:24.206Z"}
{"level":"info","message":"GET /api/notes","timestamp":"2026-05-23T05:57:25.842Z"}
{"level":"info","message":"GET /api/notes","timestamp":"2026-05-23T05:57:29.507Z"}
{"level":"info","message":"GET /api/notes","timestamp":"2026-05-23T05:57:38.331Z"}
{"level":"info","message":"GET /api/notes","timestamp":"2026-05-23T05:57:38.813Z"}
{"level":"info","message":"GET /api/notes","timestamp":"2026-05-23T05:57:38.972Z"}
{"level":"info","message":"GET /api/notes","timestamp":"2026-05-23T05:57:39.133Z"}
{"level":"info","message":"GET /api/notes","timestamp":"2026-05-23T05:57:39.280Z"}
{"level":"info","message":"GET /api/notes","timestamp":"2026-05-23T05:57:39.455Z"}
{"level":"info","message":"GET /api/notes","timestamp":"2026-05-23T05:57:39.696Z"}
{"level":"info","message":"GET /api/notes","timestamp":"2026-05-23T05:57:39.872Z"}
{"level":"info","message":"GET /api/notes","timestamp":"2026-05-23T05:57:40.077Z"}
{"level":"info","message":"GET /api/notes","timestamp":"2026-05-23T05:57:40.275Z"}
{"level":"info","message":"GET /api/notes","timestamp":"2026-05-23T05:57:40.464Z"}
{"level":"info","message":"GET /api/notes","timestamp":"2026-05-23T05:57:40.641Z"}
{"level":"info","message":"GET /api/notes","timestamp":"2026-05-23T05:57:40.795Z"}
{"level":"info","message":"GET /api/notes","timestamp":"2026-05-23T05:57:40.979Z"}
{"level":"info","message":"GET /api/notes","timestamp":"2026-05-23T05:57:41.139Z"}
{"level":"info","message":"GET /api/notes","timestamp":"2026-05-23T05:57:41.313Z"}
{"level":"info","message":"GET /api/notes","timestamp":"2026-05-23T05:57:41.479Z"}
{"level":"info","message":"GET /api/notes","timestamp":"2026-05-23T05:57:41.646Z"}
{"level":"info","message":"GET /api/notes","timestamp":"2026-05-23T05:57:41.812Z"}
{"level":"info","message":"GET /api/notes","timestamp":"2026-05-23T05:57:42.010Z"}
{"level":"info","message":"GET /api/notes","timestamp":"2026-05-23T05:57:42.159Z"}
{"level":"info","message":"GET /api/notes","timestamp":"2026-05-23T05:57:42.338Z"}
{"level":"info","message":"GET /api/notes","timestamp":"2026-05-23T05:57:42.485Z"}
{"level":"info","message":"GET /api/notes","timestamp":"2026-05-23T05:57:42.946Z"}
{"level":"info","message":"GET /api/notes","timestamp":"2026-05-23T05:57:45.635Z"}
{"level":"info","message":"GET /api/review/due","timestamp":"2026-05-23T05:57:45.655Z"}
{"level":"info","message":"GET /api/review/stats","timestamp":"2026-05-23T05:57:45.669Z"}
{"level":"info","message":"GET /api/notes","timestamp":"2026-05-23T05:57:47.569Z"}
{"level":"info","message":"GET /api/notes","timestamp":"2026-05-23T05:57:48.876Z"}
{"level":"info","message":"GET /api/review/due","timestamp":"2026-05-23T05:57:48.889Z"}
{"level":"info","message":"GET /api/review/stats","timestamp":"2026-05-23T05:57:48.905Z"}
{"level":"info","message":"GET /api/notes","timestamp":"2026-05-23T05:57:52.785Z"}
{"level":"info","message":"GET /api/review/due","timestamp":"2026-05-23T05:57:52.805Z"}
{"level":"info","message":"GET /api/review/stats","timestamp":"2026-05-23T05:57:52.827Z"}
{"level":"info","message":"GET /api/notes","timestamp":"2026-05-23T05:57:54.644Z"}
{"level":"info","message":"GET /api/review/due","timestamp":"2026-05-23T05:57:54.660Z"}
{"level":"info","message":"GET /api/review/stats","timestamp":"2026-05-23T05:57:54.674Z"}
{"level":"info","message":"GET /api/notes","timestamp":"2026-05-23T05:57:56.103Z"}
{"level":"info","message":"GET /api/notes","timestamp":"2026-05-23T05:57:59.685Z"}
{"level":"info","message":"GET /api/review/due","timestamp":"2026-05-23T05:57:59.703Z"}
{"level":"info","message":"GET /api/review/stats","timestamp":"2026-05-23T05:57:59.718Z"}
{"level":"info","message":"GET /api/notes","timestamp":"2026-05-23T05:58:00.492Z"}
{"level":"info","message":"GET /api/review/due","timestamp":"2026-05-23T05:58:00.507Z"}
{"level":"info","message":"GET /api/review/stats","timestamp":"2026-05-23T05:58:00.519Z"}
{"level":"info","message":"GET /api/notes","timestamp":"2026-05-23T05:58:02.178Z"}
{"level":"info","message":"GET /api/review/due","timestamp":"2026-05-23T05:58:02.195Z"}
{"level":"info","message":"GET /api/review/stats","timestamp":"2026-05-23T05:58:02.209Z"}
{"level":"info","message":"GET /api/notes","timestamp":"2026-05-23T05:58:03.148Z"}
{"level":"info","message":"GET /api/notes","timestamp":"2026-05-23T05:58:03.984Z"}
{"level":"info","message":"GET /api/review/due","timestamp":"2026-05-23T05:58:03.999Z"}
{"level":"info","message":"GET /api/review/stats","timestamp":"2026-05-23T05:58:04.013Z"}
{"level":"info","message":"GET /api/notes","timestamp":"2026-05-23T05:58:05.023Z"}
{"level":"info","message":"POST /api/notes","timestamp":"2026-05-23T05:58:14.956Z"}
{"level":"info","message":"GET /api/notes","timestamp":"2026-05-23T06:00:15.454Z"}
{"level":"info","message":"GET /api/notes","timestamp":"2026-05-23T06:00:15.558Z"}
{"level":"info","message":"GET /api/notes","timestamp":"2026-05-23T06:00:15.571Z"}
{"level":"info","message":"数据库连接成功","timestamp":"2026-05-23T06:02:34.674Z"}
{"level":"info","message":"数据表同步完成","timestamp":"2026-05-23T06:02:34.694Z"}
{"level":"info","message":"服务器运行在端口 3000","timestamp":"2026-05-23T06:02:34.701Z"}
{"level":"info","message":"POST /api/notes","timestamp":"2026-05-23T06:02:39.856Z"}
{"level":"info","message":"GET /api/notes","timestamp":"2026-05-23T06:02:41.608Z"}
{"level":"info","message":"GET /api/notes","timestamp":"2026-05-23T06:07:04.991Z"}
{"level":"info","message":"GET /api/notes","timestamp":"2026-05-23T06:07:09.704Z"}
{"level":"info","message":"数据库连接成功","timestamp":"2026-05-23T06:13:08.394Z"}
{"level":"info","message":"数据表同步完成","timestamp":"2026-05-23T06:13:08.414Z"}
{"level":"info","message":"服务器运行在端口 3000","timestamp":"2026-05-23T06:13:08.421Z"}
{"level":"info","message":"GET /api/notes","timestamp":"2026-05-23T06:14:24.971Z"}
{"level":"info","message":"DELETE /api/notes/3","timestamp":"2026-05-23T06:14:29.095Z"}
{"level":"info","message":"GET /api/notes","timestamp":"2026-05-23T06:14:29.194Z"}
{"level":"info","message":"DELETE /api/notes/2","timestamp":"2026-05-23T06:14:32.091Z"}
{"level":"info","message":"GET /api/notes","timestamp":"2026-05-23T06:14:32.193Z"}
{"level":"info","message":"GET /api/notes","timestamp":"2026-05-23T06:14:47.370Z"}
{"level":"info","message":"GET /api/notes","timestamp":"2026-05-23T06:14:51.792Z"}
{"level":"info","message":"GET /api/review/due","timestamp":"2026-05-23T06:14:51.831Z"}
{"level":"info","message":"GET /api/review/stats","timestamp":"2026-05-23T06:14:51.856Z"}
{"level":"info","message":"GET /api/notes","timestamp":"2026-05-23T06:14:56.326Z"}
{"level":"info","message":"GET /api/review/due","timestamp":"2026-05-23T06:14:56.343Z"}
{"level":"info","message":"GET /api/review/stats","timestamp":"2026-05-23T06:14:56.357Z"}
{"level":"info","message":"GET /api/notes","timestamp":"2026-05-23T06:14:58.109Z"}
{"level":"info","message":"GET /api/review/due","timestamp":"2026-05-23T06:14:58.131Z"}
{"level":"info","message":"GET /api/review/stats","timestamp":"2026-05-23T06:14:58.152Z"}
{"level":"info","message":"GET /api/notes","timestamp":"2026-05-23T06:15:07.119Z"}
{"level":"info","message":"GET /api/review/due","timestamp":"2026-05-23T06:15:07.136Z"}
{"level":"info","message":"GET /api/review/stats","timestamp":"2026-05-23T06:15:07.150Z"}
{"level":"info","message":"GET /api/notes","timestamp":"2026-05-23T06:16:06.615Z"}
{"level":"info","message":"GET /api/review/due","timestamp":"2026-05-23T06:16:06.629Z"}
{"level":"info","message":"GET /api/review/stats","timestamp":"2026-05-23T06:16:06.645Z"}
{"level":"info","message":"GET /api/notes","timestamp":"2026-05-23T06:27:25.972Z"}
{"level":"info","message":"GET /api/review/due","timestamp":"2026-05-23T06:27:25.993Z"}
{"level":"info","message":"GET /api/review/stats","timestamp":"2026-05-23T06:27:26.012Z"}
{"level":"info","message":"GET /api/notes","timestamp":"2026-05-23T06:28:16.240Z"}
{"level":"info","message":"GET /api/review/due","timestamp":"2026-05-23T06:28:16.259Z"}
{"level":"info","message":"GET /api/review/stats","timestamp":"2026-05-23T06:28:16.277Z"}
{"level":"info","message":"GET /api/notes","timestamp":"2026-05-23T06:31:10.460Z"}
{"level":"info","message":"GET /api/review/due","timestamp":"2026-05-23T06:31:10.481Z"}
{"level":"info","message":"GET /api/review/stats","timestamp":"2026-05-23T06:31:10.498Z"}
{"level":"info","message":"GET /api/notes","timestamp":"2026-05-23T06:31:27.078Z"}
{"level":"info","message":"GET /api/review/due","timestamp":"2026-05-23T06:31:27.099Z"}
{"level":"info","message":"GET /api/review/stats","timestamp":"2026-05-23T06:31:27.118Z"}
{"level":"info","message":"GET /api/notes","timestamp":"2026-05-23T06:31:32.609Z"}
{"level":"info","message":"GET /api/review/due","timestamp":"2026-05-23T06:31:32.628Z"}
{"level":"info","message":"GET /api/review/stats","timestamp":"2026-05-23T06:31:32.644Z"}
{"level":"info","message":"GET /api/notes","timestamp":"2026-05-23T06:31:39.668Z"}
{"level":"info","message":"GET /api/review/due","timestamp":"2026-05-23T06:31:39.688Z"}
{"level":"info","message":"GET /api/review/stats","timestamp":"2026-05-23T06:31:39.705Z"}
{"level":"info","message":"GET /api/notes","timestamp":"2026-05-23T06:36:09.106Z"}
{"level":"info","message":"GET /api/review/due","timestamp":"2026-05-23T06:36:09.125Z"}
{"level":"info","message":"GET /api/review/stats","timestamp":"2026-05-23T06:36:09.140Z"}
{"level":"info","message":"GET /api/notes","timestamp":"2026-05-23T06:36:55.645Z"}
{"level":"info","message":"GET /api/review/due","timestamp":"2026-05-23T06:36:55.667Z"}
{"level":"info","message":"GET /api/review/stats","timestamp":"2026-05-23T06:36:55.683Z"}
{"level":"info","message":"GET /api/notes","timestamp":"2026-05-23T06:38:53.691Z"}
{"level":"info","message":"GET /api/review/due","timestamp":"2026-05-23T06:38:53.711Z"}
{"level":"info","message":"GET /api/review/stats","timestamp":"2026-05-23T06:38:53.729Z"}
{"level":"info","message":"GET /api/notes","timestamp":"2026-05-23T06:40:57.957Z"}
{"level":"info","message":"GET /api/review/due","timestamp":"2026-05-23T06:40:57.977Z"}
{"level":"info","message":"GET /api/review/stats","timestamp":"2026-05-23T06:40:57.993Z"}
{"level":"info","message":"GET /api/notes","timestamp":"2026-05-23T06:44:04.032Z"}
{"level":"info","message":"GET /api/review/due","timestamp":"2026-05-23T06:44:04.053Z"}
{"level":"info","message":"GET /api/review/stats","timestamp":"2026-05-23T06:44:04.070Z"}
{"level":"info","message":"GET /api/notes","timestamp":"2026-05-23T06:44:14.080Z"}
{"level":"info","message":"GET /api/review/due","timestamp":"2026-05-23T06:44:14.107Z"}
{"level":"info","message":"GET /api/review/stats","timestamp":"2026-05-23T06:44:14.125Z"}
{"level":"info","message":"GET /api/notes","timestamp":"2026-05-23T06:44:20.927Z"}
{"level":"info","message":"GET /api/review/due","timestamp":"2026-05-23T06:44:20.946Z"}
{"level":"info","message":"GET /api/review/stats","timestamp":"2026-05-23T06:44:20.961Z"}
{"level":"info","message":"GET /api/notes","timestamp":"2026-05-23T06:44:35.357Z"}
{"level":"info","message":"GET /api/review/due","timestamp":"2026-05-23T06:44:35.376Z"}
{"level":"info","message":"GET /api/review/stats","timestamp":"2026-05-23T06:44:35.393Z"}
{"level":"info","message":"GET /api/notes","timestamp":"2026-05-23T08:48:33.476Z"}
{"level":"info","message":"GET /api/review/due","timestamp":"2026-05-23T08:48:33.498Z"}
{"level":"info","message":"GET /api/review/stats","timestamp":"2026-05-23T08:48:33.514Z"}
{"level":"info","message":"GET /api/notes","timestamp":"2026-05-23T08:50:33.515Z"}
{"level":"info","message":"GET /api/review/due","timestamp":"2026-05-23T08:50:33.536Z"}
{"level":"info","message":"GET /api/review/stats","timestamp":"2026-05-23T08:50:33.552Z"}
{"level":"info","message":"GET /api/notes","timestamp":"2026-05-23T08:50:45.691Z"}
{"level":"info","message":"GET /api/review/due","timestamp":"2026-05-23T08:50:45.711Z"}
{"level":"info","message":"GET /api/review/stats","timestamp":"2026-05-23T08:50:45.727Z"}
{"level":"info","message":"GET /api/notes","timestamp":"2026-05-23T08:50:58.957Z"}
{"level":"info","message":"GET /api/review/due","timestamp":"2026-05-23T08:50:58.972Z"}
{"level":"info","message":"GET /api/review/stats","timestamp":"2026-05-23T08:50:58.991Z"}
{"level":"info","message":"GET /api/notes","timestamp":"2026-05-23T08:51:06.121Z"}
{"level":"info","message":"GET /api/review/due","timestamp":"2026-05-23T08:51:06.139Z"}
{"level":"info","message":"GET /api/review/stats","timestamp":"2026-05-23T08:51:06.155Z"}
{"level":"info","message":"GET /api/notes","timestamp":"2026-05-23T08:51:55.144Z"}
{"level":"info","message":"GET /api/review/due","timestamp":"2026-05-23T08:51:55.162Z"}
{"level":"info","message":"GET /api/review/stats","timestamp":"2026-05-23T08:51:55.179Z"}
{"level":"info","message":"GET /api/notes","timestamp":"2026-05-23T08:55:24.869Z"}
{"level":"info","message":"GET /api/review/due","timestamp":"2026-05-23T08:55:24.888Z"}
{"level":"info","message":"GET /api/review/stats","timestamp":"2026-05-23T08:55:24.911Z"}
{"level":"info","message":"GET /api/notes","timestamp":"2026-05-23T08:55:28.967Z"}
{"level":"info","message":"GET /api/review/due","timestamp":"2026-05-23T08:55:29.005Z"}
{"level":"info","message":"GET /api/review/stats","timestamp":"2026-05-23T08:55:29.019Z"}
{"level":"info","message":"GET /api/notes","timestamp":"2026-05-23T09:00:14.688Z"}
{"level":"info","message":"GET /api/review/due","timestamp":"2026-05-23T09:00:14.711Z"}
{"level":"info","message":"GET /api/review/stats","timestamp":"2026-05-23T09:00:14.727Z"}
{"level":"info","message":"GET /api/notes","timestamp":"2026-05-23T09:00:17.368Z"}
{"level":"info","message":"GET /api/notes","timestamp":"2026-05-23T09:00:27.108Z"}
{"level":"info","message":"GET /api/review/due","timestamp":"2026-05-23T09:00:27.123Z"}
{"level":"info","message":"GET /api/review/stats","timestamp":"2026-05-23T09:00:27.137Z"}
{"level":"info","message":"GET /api/notes","timestamp":"2026-05-23T09:00:28.507Z"}
{"level":"info","message":"GET /api/notes","timestamp":"2026-05-23T09:00:31.161Z"}
{"level":"info","message":"GET /api/review/due","timestamp":"2026-05-23T09:00:31.178Z"}
{"level":"info","message":"GET /api/review/stats","timestamp":"2026-05-23T09:00:31.194Z"}
{"level":"info","message":"GET /api/notes","timestamp":"2026-05-23T09:01:34.784Z"}
{"level":"info","message":"GET /api/notes","timestamp":"2026-05-23T09:01:37.094Z"}
{"level":"info","message":"GET /api/notes","timestamp":"2026-05-23T09:01:37.924Z"}
{"level":"info","message":"GET /api/review/due","timestamp":"2026-05-23T09:01:37.947Z"}
{"level":"info","message":"GET /api/review/stats","timestamp":"2026-05-23T09:01:37.963Z"}
{"level":"info","message":"GET /api/notes","timestamp":"2026-05-23T09:01:38.942Z"}
{"level":"info","message":"GET /api/notes","timestamp":"2026-05-23T09:02:04.109Z"}
{"level":"info","message":"GET /api/review/due","timestamp":"2026-05-23T09:02:04.130Z"}
{"level":"info","message":"GET /api/review/stats","timestamp":"2026-05-23T09:02:04.146Z"}
{"level":"info","message":"GET /api/notes","timestamp":"2026-05-23T09:02:07.784Z"}
{"level":"info","message":"GET /api/notes","timestamp":"2026-05-23T09:02:51.426Z"}
{"level":"info","message":"GET /api/notes","timestamp":"2026-05-23T09:02:56.422Z"}
{"level":"info","message":"GET /api/notes","timestamp":"2026-05-23T09:03:01.068Z"}
{"level":"info","message":"GET /api/notes","timestamp":"2026-05-23T09:03:04.177Z"}
{"level":"info","message":"GET /api/notes","timestamp":"2026-05-23T09:03:49.746Z"}
{"level":"info","message":"GET /api/notes","timestamp":"2026-05-23T09:04:38.481Z"}
{"level":"info","message":"GET /api/notes","timestamp":"2026-05-23T09:04:48.541Z"}
{"level":"info","message":"GET /api/notes","timestamp":"2026-05-23T09:04:56.896Z"}
{"level":"info","message":"GET /api/notes","timestamp":"2026-05-23T09:05:05.314Z"}
{"level":"info","message":"GET /api/notes","timestamp":"2026-05-23T09:13:26.638Z"}
{"level":"info","message":"GET /api/notes","timestamp":"2026-05-23T09:16:49.948Z"}
{"level":"info","message":"GET /api/notes","timestamp":"2026-05-23T09:16:57.145Z"}
{"level":"info","message":"GET /api/notes","timestamp":"2026-05-23T09:17:03.280Z"}
{"level":"info","message":"GET /api/notes","timestamp":"2026-05-23T09:17:11.005Z"}
{"level":"info","message":"GET /api/notes","timestamp":"2026-05-23T09:17:18.824Z"}
{"level":"info","message":"GET /api/notes","timestamp":"2026-05-23T09:17:23.135Z"}
{"level":"info","message":"GET /api/notes","timestamp":"2026-05-23T09:17:40.881Z"}
{"level":"info","message":"GET /api/notes","timestamp":"2026-05-23T09:18:52.011Z"}
{"level":"info","message":"GET /api/notes","timestamp":"2026-05-23T11:04:38.190Z"}
{"level":"info","message":"GET /api/notes","timestamp":"2026-05-23T11:21:45.522Z"}
{"level":"info","message":"GET /api/notes","timestamp":"2026-05-23T11:21:46.168Z"}
{"level":"info","message":"GET /api/review/due","timestamp":"2026-05-23T11:21:46.203Z"}
{"level":"info","message":"GET /api/review/stats","timestamp":"2026-05-23T11:21:46.219Z"}
{"level":"info","message":"GET /api/notes","timestamp":"2026-05-23T11:21:47.786Z"}
{"level":"info","message":"GET /api/review/stats","timestamp":"2026-05-23T11:21:47.806Z"}
{"level":"info","message":"GET /api/notes","timestamp":"2026-05-23T11:21:54.344Z"}
{"level":"info","message":"GET /api/review/due","timestamp":"2026-05-23T11:21:54.358Z"}
{"level":"info","message":"GET /api/review/stats","timestamp":"2026-05-23T11:21:54.370Z"}
{"level":"info","message":"GET /api/notes","timestamp":"2026-05-23T11:21:55.907Z"}
{"level":"info","message":"GET /api/review/stats","timestamp":"2026-05-23T11:21:55.927Z"}
{"level":"info","message":"GET /api/notes","timestamp":"2026-05-23T11:21:56.991Z"}
{"level":"info","message":"GET /api/review/due","timestamp":"2026-05-23T11:21:57.007Z"}
{"level":"info","message":"GET /api/review/stats","timestamp":"2026-05-23T11:21:57.021Z"}
{"level":"info","message":"GET /api/notes","timestamp":"2026-05-23T11:21:57.803Z"}
{"level":"info","message":"GET /api/review/due","timestamp":"2026-05-23T11:21:57.819Z"}
{"level":"info","message":"GET /api/review/stats","timestamp":"2026-05-23T11:21:57.833Z"}
{"level":"info","message":"GET /api/notes","timestamp":"2026-05-23T11:21:58.908Z"}
{"level":"info","message":"GET /api/review/due","timestamp":"2026-05-23T11:21:58.926Z"}
{"level":"info","message":"GET /api/review/stats","timestamp":"2026-05-23T11:21:58.941Z"}
{"level":"info","message":"GET /api/notes","timestamp":"2026-05-23T11:21:59.583Z"}
{"level":"info","message":"GET /api/notes","timestamp":"2026-05-23T11:22:00.490Z"}
{"level":"info","message":"GET /api/review/due","timestamp":"2026-05-23T11:22:00.509Z"}
{"level":"info","message":"GET /api/review/stats","timestamp":"2026-05-23T11:22:00.526Z"}
{"level":"info","message":"GET /api/notes","timestamp":"2026-05-23T11:39:57.797Z"}
{"level":"info","message":"GET /api/review/due","timestamp":"2026-05-23T11:39:57.827Z"}
{"level":"info","message":"GET /api/review/stats","timestamp":"2026-05-23T11:39:57.843Z"}
{"level":"info","message":"GET /api/notes","timestamp":"2026-05-23T11:40:15.237Z"}
{"level":"info","message":"GET /api/notes","timestamp":"2026-05-23T11:42:00.752Z"}
{"level":"info","message":"GET /api/notes","timestamp":"2026-05-23T11:42:26.823Z"}
{"level":"info","message":"GET /api/notes","timestamp":"2026-05-23T11:43:12.315Z"}
{"level":"info","message":"GET /api/notes","timestamp":"2026-05-23T11:43:19.293Z"}
{"level":"info","message":"GET /api/notes","timestamp":"2026-05-23T11:43:30.696Z"}
{"level":"info","message":"GET /api/notes","timestamp":"2026-05-23T11:43:39.648Z"}
{"level":"info","message":"GET /api/review/due","timestamp":"2026-05-23T11:43:39.665Z"}
{"level":"info","message":"GET /api/review/stats","timestamp":"2026-05-23T11:43:39.680Z"}
{"level":"info","message":"GET /api/notes","timestamp":"2026-05-23T11:43:45.158Z"}
{"level":"info","message":"GET /api/review/due","timestamp":"2026-05-23T11:43:45.178Z"}
{"level":"info","message":"GET /api/review/stats","timestamp":"2026-05-23T11:43:45.195Z"}
{"level":"info","message":"GET /api/notes","timestamp":"2026-05-23T11:45:05.740Z"}
{"level":"info","message":"GET /api/review/due","timestamp":"2026-05-23T11:45:05.763Z"}
{"level":"info","message":"GET /api/review/stats","timestamp":"2026-05-23T11:45:05.785Z"}
{"level":"info","message":"GET /api/notes","timestamp":"2026-05-23T11:48:05.063Z"}
{"level":"info","message":"GET /api/review/due","timestamp":"2026-05-23T11:48:05.087Z"}
{"level":"info","message":"GET /api/review/stats","timestamp":"2026-05-23T11:48:05.105Z"}
{"level":"info","message":"GET /api/notes","timestamp":"2026-05-23T11:48:47.910Z"}
{"level":"info","message":"GET /api/review/due","timestamp":"2026-05-23T11:48:47.933Z"}
{"level":"info","message":"GET /api/review/stats","timestamp":"2026-05-23T11:48:47.953Z"}
{"level":"info","message":"GET /api/notes","timestamp":"2026-05-23T11:49:44.722Z"}
{"level":"info","message":"GET /api/review/due","timestamp":"2026-05-23T11:49:44.737Z"}
{"level":"info","message":"GET /api/review/stats","timestamp":"2026-05-23T11:49:44.752Z"}
{"level":"info","message":"GET /api/notes","timestamp":"2026-05-23T11:50:41.090Z"}
{"level":"info","message":"GET /api/review/due","timestamp":"2026-05-23T11:50:41.114Z"}
{"level":"info","message":"GET /api/review/stats","timestamp":"2026-05-23T11:50:41.132Z"}
{"level":"info","message":"GET /api/notes","timestamp":"2026-05-23T11:50:55.901Z"}
{"level":"info","message":"GET /api/review/due","timestamp":"2026-05-23T11:50:55.920Z"}
{"level":"info","message":"GET /api/review/stats","timestamp":"2026-05-23T11:50:55.936Z"}
{"level":"info","message":"GET /api/notes","timestamp":"2026-05-23T11:51:33.433Z"}
{"level":"info","message":"GET /api/review/due","timestamp":"2026-05-23T11:51:33.451Z"}
{"level":"info","message":"GET /api/review/stats","timestamp":"2026-05-23T11:51:33.474Z"}
{"level":"info","message":"GET /api/notes","timestamp":"2026-05-23T11:54:42.831Z"}
{"level":"info","message":"GET /api/review/due","timestamp":"2026-05-23T11:54:42.857Z"}
{"level":"info","message":"GET /api/review/stats","timestamp":"2026-05-23T11:54:42.872Z"}
{"level":"info","message":"GET /api/notes","timestamp":"2026-05-23T11:55:11.070Z"}
{"level":"info","message":"GET /api/review/due","timestamp":"2026-05-23T11:55:11.100Z"}
{"level":"info","message":"GET /api/review/stats","timestamp":"2026-05-23T11:55:11.123Z"}
{"level":"info","message":"GET /api/notes","timestamp":"2026-05-23T11:55:51.064Z"}
{"level":"info","message":"GET /api/review/due","timestamp":"2026-05-23T11:55:51.084Z"}
{"level":"info","message":"GET /api/review/stats","timestamp":"2026-05-23T11:55:51.106Z"}
{"level":"info","message":"GET /api/notes","timestamp":"2026-05-23T11:56:09.756Z"}
{"level":"info","message":"GET /api/review/due","timestamp":"2026-05-23T11:56:09.774Z"}
{"level":"info","message":"GET /api/review/stats","timestamp":"2026-05-23T11:56:09.801Z"}
{"level":"info","message":"GET /api/notes","timestamp":"2026-05-23T11:56:36.391Z"}
{"level":"info","message":"GET /api/review/due","timestamp":"2026-05-23T11:56:36.425Z"}
{"level":"info","message":"GET /api/review/stats","timestamp":"2026-05-23T11:56:36.439Z"}
{"level":"info","message":"GET /api/notes","timestamp":"2026-05-23T11:56:42.351Z"}
{"level":"info","message":"GET /api/review/due","timestamp":"2026-05-23T11:56:42.370Z"}
{"level":"info","message":"GET /api/review/stats","timestamp":"2026-05-23T11:56:42.388Z"}
{"level":"info","message":"GET /api/notes","timestamp":"2026-05-23T11:56:43.433Z"}
{"level":"info","message":"POST /api/notes","timestamp":"2026-05-23T11:57:31.124Z"}
{"level":"info","message":"GET /api/notes","timestamp":"2026-05-23T11:57:33.375Z"}
{"level":"info","message":"PUT /api/notes/4","timestamp":"2026-05-23T11:58:04.443Z"}
{"level":"info","message":"GET /api/notes","timestamp":"2026-05-23T11:58:06.550Z"}
{"level":"info","message":"GET /api/notes","timestamp":"2026-05-23T12:01:26.719Z"}
{"level":"info","message":"GET /api/notes","timestamp":"2026-05-23T12:01:35.446Z"}
{"level":"info","message":"GET /api/review/due","timestamp":"2026-05-23T12:01:35.469Z"}
{"level":"info","message":"GET /api/review/stats","timestamp":"2026-05-23T12:01:35.486Z"}
{"level":"info","message":"GET /api/notes","timestamp":"2026-05-23T12:01:39.396Z"}
{"level":"info","message":"GET /api/notes","timestamp":"2026-05-23T12:01:41.582Z"}
{"level":"info","message":"GET /api/review/due","timestamp":"2026-05-23T12:01:41.601Z"}
{"level":"info","message":"GET /api/review/stats","timestamp":"2026-05-23T12:01:41.614Z"}
{"level":"info","message":"GET /api/notes","timestamp":"2026-05-23T12:01:42.955Z"}
{"level":"info","message":"GET /api/notes","timestamp":"2026-05-23T12:02:40.594Z"}
{"level":"info","message":"GET /api/review/due","timestamp":"2026-05-23T12:02:40.614Z"}
{"level":"info","message":"GET /api/review/stats","timestamp":"2026-05-23T12:02:40.630Z"}
{"level":"info","message":"GET /api/notes","timestamp":"2026-05-23T12:02:42.179Z"}
{"level":"info","message":"GET /api/notes","timestamp":"2026-05-23T12:04:21.628Z"}
{"level":"info","message":"GET /api/notes","timestamp":"2026-05-23T12:06:17.049Z"}
{"level":"info","message":"GET /api/notes","timestamp":"2026-05-23T12:09:19.930Z"}
{"level":"info","message":"GET /api/notes","timestamp":"2026-05-23T12:12:45.583Z"}
{"level":"info","message":"GET /api/review/due","timestamp":"2026-05-23T12:12:45.603Z"}
{"level":"info","message":"GET /api/review/stats","timestamp":"2026-05-23T12:12:45.619Z"}
{"level":"info","message":"GET /api/notes","timestamp":"2026-05-23T12:12:47.391Z"}
{"level":"info","message":"GET /api/notes","timestamp":"2026-05-23T12:15:31.546Z"}
{"level":"info","message":"数据库连接成功","timestamp":"2026-05-23T12:16:08.855Z"}
{"level":"info","message":"数据表同步完成","timestamp":"2026-05-23T12:16:08.872Z"}
{"level":"info","message":"服务器运行在端口 3000","timestamp":"2026-05-23T12:16:08.880Z"}
{"level":"info","message":"GET /api/notes","timestamp":"2026-05-23T12:16:09.666Z"}
{"level":"info","message":"GET /api/notes","timestamp":"2026-05-23T12:17:35.861Z"}
{"level":"info","message":"PUT /api/notes/1","timestamp":"2026-05-23T12:24:49.535Z"}
{"level":"info","message":"GET /api/notes","timestamp":"2026-05-23T12:24:52.551Z"}
{"level":"info","message":"POST /api/notes","timestamp":"2026-05-23T12:25:35.002Z"}
{"level":"info","message":"GET /api/notes","timestamp":"2026-05-23T12:25:38.225Z"}
{"level":"info","message":"PUT /api/notes/4","timestamp":"2026-05-23T12:26:02.198Z"}
{"level":"info","message":"PUT /api/notes/4","timestamp":"2026-05-23T12:26:04.148Z"}
{"level":"info","message":"GET /api/notes","timestamp":"2026-05-23T12:26:05.640Z"}
{"level":"info","message":"GET /api/notes","timestamp":"2026-05-23T12:26:08.094Z"}
{"level":"info","message":"PUT /api/notes/1","timestamp":"2026-05-23T12:26:19.870Z"}
{"level":"info","message":"GET /api/notes","timestamp":"2026-05-23T12:26:22.765Z"}
{"level":"info","message":"GET /api/notes","timestamp":"2026-05-23T12:26:26.295Z"}
{"level":"info","message":"GET /api/review/due","timestamp":"2026-05-23T12:26:26.331Z"}
{"level":"info","message":"GET /api/review/stats","timestamp":"2026-05-23T12:26:26.376Z"}
{"level":"info","message":"GET /api/notes","timestamp":"2026-05-23T12:26:28.009Z"}
{"level":"info","message":"GET /api/notes","timestamp":"2026-05-23T12:26:29.247Z"}
{"level":"info","message":"GET /api/review/due","timestamp":"2026-05-23T12:26:29.266Z"}
{"level":"info","message":"GET /api/review/stats","timestamp":"2026-05-23T12:26:29.283Z"}
{"level":"info","message":"GET /api/notes","timestamp":"2026-05-23T12:26:30.554Z"}
{"level":"info","message":"GET /api/notes","timestamp":"2026-05-23T12:29:19.836Z"}
{"level":"info","message":"GET /api/review/due","timestamp":"2026-05-23T12:29:19.859Z"}
{"level":"info","message":"GET /api/review/stats","timestamp":"2026-05-23T12:29:19.880Z"}
{"level":"info","message":"GET /api/notes","timestamp":"2026-05-23T12:29:22.273Z"}
{"level":"info","message":"GET /api/review/due","timestamp":"2026-05-23T12:29:22.290Z"}
{"level":"info","message":"GET /api/review/stats","timestamp":"2026-05-23T12:29:22.306Z"}
{"level":"info","message":"GET /api/notes","timestamp":"2026-05-23T12:29:23.884Z"}
{"level":"info","message":"GET /api/review/due","timestamp":"2026-05-23T12:29:23.901Z"}
{"level":"info","message":"GET /api/review/stats","timestamp":"2026-05-23T12:29:23.916Z"}
{"level":"info","message":"GET /api/notes","timestamp":"2026-05-23T12:31:00.104Z"}
{"level":"info","message":"GET /api/review/due","timestamp":"2026-05-23T12:31:00.123Z"}
{"level":"info","message":"GET /api/review/stats","timestamp":"2026-05-23T12:31:00.137Z"}
{"level":"info","message":"GET /api/notes","timestamp":"2026-05-23T12:31:01.777Z"}
{"level":"info","message":"GET /api/review/due","timestamp":"2026-05-23T12:31:01.796Z"}
{"level":"info","message":"GET /api/review/stats","timestamp":"2026-05-23T12:31:01.813Z"}
{"level":"info","message":"GET /api/notes","timestamp":"2026-05-23T12:32:25.523Z"}
{"level":"info","message":"GET /api/review/due","timestamp":"2026-05-23T12:32:25.544Z"}
{"level":"info","message":"GET /api/review/stats","timestamp":"2026-05-23T12:32:25.558Z"}
{"level":"info","message":"GET /api/notes","timestamp":"2026-05-23T12:32:26.815Z"}
{"level":"info","message":"GET /api/notes","timestamp":"2026-05-23T12:35:45.004Z"}
{"level":"info","message":"GET /api/notes","timestamp":"2026-05-23T12:35:48.427Z"}
{"level":"info","message":"GET /api/notes","timestamp":"2026-05-23T12:35:51.657Z"}
{"level":"info","message":"GET /api/notes","timestamp":"2026-05-23T12:35:54.956Z"}
{"level":"info","message":"GET /api/notes","timestamp":"2026-05-23T12:37:21.656Z"}
{"level":"info","message":"GET /api/notes","timestamp":"2026-05-23T12:38:25.461Z"}
{"level":"info","message":"GET /api/notes","timestamp":"2026-05-23T12:39:24.595Z"}
{"level":"info","message":"GET /api/notes","timestamp":"2026-05-23T12:39:57.007Z"}
{"level":"info","message":"GET /api/notes","timestamp":"2026-05-23T12:40:01.582Z"}
{"level":"info","message":"GET /api/notes","timestamp":"2026-05-23T12:41:32.840Z"}
{"level":"info","message":"GET /api/notes","timestamp":"2026-05-23T12:42:03.093Z"}
{"level":"info","message":"GET /api/notes","timestamp":"2026-05-23T12:42:22.883Z"}
{"level":"info","message":"GET /api/notes","timestamp":"2026-05-23T12:43:18.526Z"}
{"level":"info","message":"GET /api/notes","timestamp":"2026-05-23T12:43:21.602Z"}
{"level":"info","message":"GET /api/notes","timestamp":"2026-05-23T12:43:24.818Z"}
{"level":"info","message":"GET /api/notes","timestamp":"2026-05-23T12:43:28.774Z"}
{"level":"info","message":"GET /api/notes","timestamp":"2026-05-23T12:43:32.157Z"}
{"level":"info","message":"GET /api/notes","timestamp":"2026-05-23T12:43:35.236Z"}
{"level":"info","message":"GET /api/notes","timestamp":"2026-05-23T12:43:38.989Z"}
{"level":"info","message":"GET /api/notes","timestamp":"2026-05-23T12:43:57.886Z"}
{"level":"info","message":"GET /api/notes","timestamp":"2026-05-23T12:49:44.802Z"}
{"level":"info","message":"GET /api/notes","timestamp":"2026-05-23T12:49:49.031Z"}
{"level":"info","message":"GET /api/notes","timestamp":"2026-05-23T12:50:16.514Z"}
{"level":"info","message":"GET /api/notes","timestamp":"2026-05-23T12:51:20.169Z"}
{"level":"info","message":"GET /api/notes","timestamp":"2026-05-23T12:52:57.979Z"}
{"level":"info","message":"GET /api/notes","timestamp":"2026-05-23T12:53:46.309Z"}
{"level":"info","message":"GET /api/notes","timestamp":"2026-05-23T12:54:50.609Z"}
{"level":"info","message":"GET /api/notes","timestamp":"2026-05-23T12:54:56.149Z"}
{"level":"info","message":"GET /api/notes","timestamp":"2026-05-23T12:55:05.239Z"}
{"level":"info","message":"GET /api/notes","timestamp":"2026-05-23T12:57:06.429Z"}
{"level":"info","message":"GET /api/notes","timestamp":"2026-05-23T12:58:35.669Z"}
{"level":"info","message":"GET /api/notes","timestamp":"2026-05-23T12:59:34.278Z"}
{"level":"info","message":"GET /api/notes","timestamp":"2026-05-23T13:01:19.924Z"}
{"level":"info","message":"GET /api/notes","timestamp":"2026-05-23T13:01:24.841Z"}
{"level":"info","message":"GET /api/notes","timestamp":"2026-05-23T13:03:20.713Z"}
{"level":"info","message":"GET /api/notes","timestamp":"2026-05-23T13:07:44.409Z"}
{"level":"info","message":"GET /api/notes","timestamp":"2026-05-23T13:11:20.861Z"}
{"level":"info","message":"GET /api/notes","timestamp":"2026-05-23T13:14:23.623Z"}
{"level":"info","message":"GET /api/notes","timestamp":"2026-05-23T13:17:34.431Z"}
{"level":"info","message":"数据库连接成功","timestamp":"2026-05-23T14:48:49.093Z"}
{"level":"info","message":"数据表同步完成","timestamp":"2026-05-23T14:48:49.135Z"}
{"level":"info","message":"服务器运行在端口 3000","timestamp":"2026-05-23T14:48:49.155Z"}
{"level":"info","message":"GET /api/notes","timestamp":"2026-05-23T14:51:41.872Z"}
{"level":"info","message":"GET /api/review/due","timestamp":"2026-05-23T14:51:42.012Z"}
{"level":"info","message":"GET /api/review/stats","timestamp":"2026-05-23T14:51:42.080Z"}
{"level":"info","message":"GET /api/notes","timestamp":"2026-05-23T14:52:38.418Z"}
{"level":"info","message":"GET /api/review/due","timestamp":"2026-05-23T14:52:38.448Z"}
{"level":"info","message":"GET /api/review/stats","timestamp":"2026-05-23T14:52:38.484Z"}
{"level":"info","message":"GET /api/notes","timestamp":"2026-05-23T14:52:40.978Z"}
{"level":"info","message":"GET /api/notes","timestamp":"2026-05-23T14:55:41.597Z"}
{"level":"info","message":"GET /api/notes","timestamp":"2026-05-23T14:56:04.944Z"}
{"level":"info","message":"GET /api/notes","timestamp":"2026-05-23T14:57:56.437Z"}
{"level":"info","message":"GET /api/notes","timestamp":"2026-05-23T14:59:20.552Z"}
{"level":"info","message":"GET /api/notes","timestamp":"2026-05-23T15:01:56.149Z"}
{"level":"info","message":"GET /api/notes","timestamp":"2026-05-23T15:04:49.544Z"}
{"level":"info","message":"GET /api/notes","timestamp":"2026-05-23T15:06:25.229Z"}
{"level":"info","message":"GET /api/notes","timestamp":"2026-05-23T15:06:29.804Z"}
{"level":"info","message":"GET /api/notes","timestamp":"2026-05-23T15:08:14.794Z"}
{"level":"info","message":"GET /api/notes","timestamp":"2026-05-23T15:08:18.883Z"}
{"level":"info","message":"GET /api/notes","timestamp":"2026-05-23T15:10:30.542Z"}
{"level":"info","message":"GET /api/notes","timestamp":"2026-05-23T15:11:34.549Z"}
{"level":"info","message":"GET /api/notes","timestamp":"2026-05-23T15:18:23.108Z"}
{"level":"info","message":"数据库连接成功","timestamp":"2026-05-24T05:11:51.873Z"}
{"level":"info","message":"数据表同步完成","timestamp":"2026-05-24T05:11:51.907Z"}
{"level":"info","message":"服务器运行在端口 3000","timestamp":"2026-05-24T05:11:51.920Z"}
{"level":"info","message":"GET /api/notes","timestamp":"2026-05-24T05:11:53.394Z"}
{"level":"info","message":"GET /api/notes","timestamp":"2026-05-24T06:13:33.799Z"}
{"level":"info","message":"GET /api/notes","timestamp":"2026-05-24T06:48:22.949Z"}
{"level":"info","message":"GET /api/notes","timestamp":"2026-05-24T06:48:28.717Z"}
{"level":"info","message":"GET /api/notes","timestamp":"2026-05-24T07:16:44.724Z"}
{"level":"info","message":"GET /api/notes","timestamp":"2026-05-24T07:39:31.739Z"}
{"level":"info","message":"GET /api/notes","timestamp":"2026-05-24T07:39:46.660Z"}
{"level":"info","message":"GET /api/notes","timestamp":"2026-05-24T07:44:10.963Z"}
{"level":"info","message":"GET /api/review/due","timestamp":"2026-05-24T07:44:11.017Z"}
{"level":"info","message":"GET /api/review/stats","timestamp":"2026-05-24T07:44:11.085Z"}
{"level":"info","message":"GET /api/notes","timestamp":"2026-05-24T07:44:12.395Z"}
{"level":"info","message":"GET /api/notes","timestamp":"2026-05-24T07:44:28.158Z"}
{"level":"info","message":"GET /api/review/due","timestamp":"2026-05-24T07:44:28.177Z"}
{"level":"info","message":"GET /api/review/stats","timestamp":"2026-05-24T07:44:28.194Z"}
{"level":"info","message":"GET /api/notes","timestamp":"2026-05-24T07:44:30.900Z"}
{"level":"info","message":"GET /api/notes","timestamp":"2026-05-24T07:48:30.481Z"}
{"level":"info","message":"GET /api/notes","timestamp":"2026-05-24T07:49:52.971Z"}
{"level":"info","message":"GET /api/notes","timestamp":"2026-05-24T07:50:29.372Z"}
{"level":"info","message":"数据库连接成功","timestamp":"2026-05-24T07:53:17.415Z"}
{"level":"info","message":"数据表同步完成","timestamp":"2026-05-24T07:53:17.432Z"}
{"level":"info","message":"服务器运行在端口 3000","timestamp":"2026-05-24T07:53:17.439Z"}
{"level":"info","message":"GET /api/notes","timestamp":"2026-05-24T07:53:20.897Z"}
{"level":"info","message":"GET /api/notes","timestamp":"2026-05-24T07:53:55.110Z"}
{"level":"info","message":"GET /api/notes","timestamp":"2026-05-24T07:58:08.926Z"}
{"level":"info","message":"GET /api/notes","timestamp":"2026-05-24T07:58:14.205Z"}
{"level":"info","message":"GET /api/notes","timestamp":"2026-05-24T07:59:15.233Z"}
{"level":"info","message":"GET /api/notes/1/sections","timestamp":"2026-05-24T07:59:18.859Z"}
{"level":"info","message":"GET /api/notes","timestamp":"2026-05-24T08:02:21.301Z"}
{"level":"info","message":"GET /api/notes/1/sections","timestamp":"2026-05-24T08:03:43.371Z"}
{"level":"info","message":"GET /api/notes/4/sections","timestamp":"2026-05-24T08:04:02.496Z"}
{"level":"info","message":"GET /api/notes/5/sections","timestamp":"2026-05-24T08:04:05.614Z"}
{"level":"info","message":"GET /api/notes","timestamp":"2026-05-24T08:05:31.211Z"}
{"level":"info","message":"GET /api/notes/1/sections","timestamp":"2026-05-24T08:06:40.723Z"}
{"level":"info","message":"GET /api/notes","timestamp":"2026-05-24T08:07:14.085Z"}
{"level":"info","message":"GET /api/notes","timestamp":"2026-05-24T08:07:20.358Z"}
{"level":"info","message":"GET /api/notes/1/sections","timestamp":"2026-05-24T08:08:41.179Z"}
{"level":"info","message":"GET /api/notes","timestamp":"2026-05-24T08:10:28.918Z"}
{"level":"info","message":"GET /api/notes/1/sections","timestamp":"2026-05-24T08:11:04.523Z"}
{"level":"info","message":"GET /api/notes","timestamp":"2026-05-24T08:11:38.834Z"}
{"level":"info","message":"GET /api/notes/1/sections","timestamp":"2026-05-24T08:11:50.612Z"}
{"level":"info","message":"GET /api/notes","timestamp":"2026-05-24T08:13:11.704Z"}
{"level":"info","message":"GET /api/notes/1/sections","timestamp":"2026-05-24T08:15:22.814Z"}
{"level":"info","message":"GET /api/notes","timestamp":"2026-05-24T08:23:27.958Z"}
{"level":"info","message":"GET /api/notes","timestamp":"2026-05-24T08:23:34.201Z"}
{"level":"info","message":"GET /api/notes/1/sections","timestamp":"2026-05-24T08:24:01.809Z"}
{"level":"info","message":"GET /api/notes/4/sections","timestamp":"2026-05-24T08:24:08.387Z"}
{"level":"info","message":"GET /api/notes/4/sections","timestamp":"2026-05-24T08:24:08.418Z"}
{"level":"info","message":"GET /api/notes","timestamp":"2026-05-24T08:25:09.850Z"}
{"level":"info","message":"GET /api/notes","timestamp":"2026-05-24T08:25:14.597Z"}
{"level":"info","message":"GET /api/notes/1/sections","timestamp":"2026-05-24T08:25:44.283Z"}
{"level":"info","message":"GET /api/notes/4/sections","timestamp":"2026-05-24T08:25:48.124Z"}
{"level":"info","message":"GET /api/notes/5/sections","timestamp":"2026-05-24T08:25:52.604Z"}
{"level":"info","message":"GET /api/notes/4/sections","timestamp":"2026-05-24T08:25:54.378Z"}
{"level":"info","message":"GET /api/notes","timestamp":"2026-05-24T08:26:46.035Z"}
{"level":"info","message":"GET /api/notes","timestamp":"2026-05-24T08:28:12.853Z"}
{"level":"info","message":"GET /api/notes","timestamp":"2026-05-24T08:28:42.884Z"}
{"level":"info","message":"GET /api/notes/1/sections","timestamp":"2026-05-24T08:32:18.887Z"}
{"level":"info","message":"GET /api/notes/4/sections","timestamp":"2026-05-24T08:32:21.503Z"}
{"level":"info","message":"GET /api/notes","timestamp":"2026-05-24T08:33:04.449Z"}
{"level":"info","message":"GET /api/notes/1/sections","timestamp":"2026-05-24T08:37:02.549Z"}
{"level":"info","message":"GET /api/notes/4/sections","timestamp":"2026-05-24T08:37:04.477Z"}
{"level":"info","message":"GET /api/notes/5/sections","timestamp":"2026-05-24T08:37:12.598Z"}
{"level":"info","message":"GET /api/notes/1/sections","timestamp":"2026-05-24T08:37:17.673Z"}
{"level":"info","message":"GET /api/notes","timestamp":"2026-05-24T08:40:10.009Z"}
{"level":"info","message":"GET /api/notes","timestamp":"2026-05-24T08:40:16.785Z"}
{"level":"info","message":"GET /api/notes","timestamp":"2026-05-24T08:40:29.598Z"}
{"level":"info","message":"GET /api/notes","timestamp":"2026-05-24T08:41:38.934Z"}
{"level":"info","message":"GET /api/notes","timestamp":"2026-05-24T09:25:02.892Z"}
{"level":"info","message":"GET /api/notes","timestamp":"2026-05-24T09:36:34.776Z"}
{"level":"info","message":"GET /api/notes","timestamp":"2026-05-24T09:36:37.852Z"}
{"level":"info","message":"GET /api/notes","timestamp":"2026-05-24T09:36:45.189Z"}
{"level":"info","message":"GET /api/notes","timestamp":"2026-05-24T09:36:58.124Z"}
{"level":"info","message":"GET /api/notes","timestamp":"2026-05-24T09:37:21.564Z"}
{"level":"info","message":"GET /api/notes","timestamp":"2026-05-24T09:37:27.333Z"}
{"level":"info","message":"GET /api/notes","timestamp":"2026-05-24T09:59:32.172Z"}
{"level":"info","message":"GET /api/notes","timestamp":"2026-05-24T10:03:28.861Z"}
{"level":"info","message":"GET /api/notes","timestamp":"2026-05-24T10:03:32.298Z"}
{"level":"info","message":"GET /api/notes","timestamp":"2026-05-24T10:09:05.617Z"}
{"level":"info","message":"GET /api/notes","timestamp":"2026-05-24T10:10:13.031Z"}
{"level":"info","message":"GET /api/notes","timestamp":"2026-05-24T10:10:35.012Z"}
{"level":"info","message":"GET /api/notes","timestamp":"2026-05-24T10:10:49.090Z"}
{"level":"info","message":"GET /api/notes","timestamp":"2026-05-24T10:10:52.759Z"}
{"level":"info","message":"GET /api/notes","timestamp":"2026-05-24T10:10:56.133Z"}
{"level":"info","message":"GET /api/notes","timestamp":"2026-05-24T10:11:12.470Z"}
{"level":"info","message":"GET /api/notes","timestamp":"2026-05-24T10:11:23.453Z"}
{"level":"info","message":"GET /api/notes","timestamp":"2026-05-24T10:16:39.789Z"}
{"level":"info","message":"GET /api/notes","timestamp":"2026-05-24T10:16:39.806Z"}
{"level":"info","message":"GET /api/notes","timestamp":"2026-05-24T10:18:42.800Z"}
{"level":"info","message":"GET /api/notes","timestamp":"2026-05-24T10:18:42.823Z"}
{"level":"info","message":"GET /api/notes","timestamp":"2026-05-24T10:18:42.841Z"}
{"level":"info","message":"GET /api/notes","timestamp":"2026-05-24T10:18:42.858Z"}
{"level":"info","message":"GET /api/notes","timestamp":"2026-05-24T10:19:59.674Z"}
{"level":"info","message":"GET /api/notes","timestamp":"2026-05-24T10:21:53.134Z"}
{"level":"info","message":"GET /api/notes","timestamp":"2026-05-24T10:22:45.209Z"}
{"level":"info","message":"数据库连接成功","timestamp":"2026-05-24T10:35:31.142Z"}
{"level":"info","message":"数据表同步完成","timestamp":"2026-05-24T10:35:31.248Z"}
{"level":"info","message":"服务器运行在端口 3000","timestamp":"2026-05-24T10:35:31.266Z"}
{"level":"info","message":"GET /api/notes","timestamp":"2026-05-24T10:35:31.581Z"}
{"level":"info","message":"GET /api/notes","timestamp":"2026-05-24T10:38:01.737Z"}
{"level":"info","message":"GET /api/notes","timestamp":"2026-05-24T10:38:03.885Z"}
{"level":"info","message":"GET /api/review/due","timestamp":"2026-05-24T10:38:03.939Z"}
{"level":"info","message":"GET /api/review/stats","timestamp":"2026-05-24T10:38:03.963Z"}
{"level":"info","message":"GET /api/notes","timestamp":"2026-05-24T10:38:05.332Z"}
{"level":"info","message":"GET /api/review/stats","timestamp":"2026-05-24T10:38:05.351Z"}
{"level":"info","message":"GET /api/feedback","timestamp":"2026-05-24T10:38:05.376Z"}
{"level":"info","message":"POST /api/feedback","timestamp":"2026-05-24T10:38:19.127Z"}
{"level":"info","message":"GET /api/notes","timestamp":"2026-05-24T10:39:10.245Z"}
{"level":"info","message":"GET /api/review/stats","timestamp":"2026-05-24T10:39:10.267Z"}
{"level":"info","message":"GET /api/feedback","timestamp":"2026-05-24T10:39:10.292Z"}
{"level":"info","message":"GET /api/notes","timestamp":"2026-05-24T10:39:14.694Z"}
{"level":"info","message":"GET /api/review/stats","timestamp":"2026-05-24T10:39:14.715Z"}
{"level":"info","message":"GET /api/feedback","timestamp":"2026-05-24T10:39:14.741Z"}
{"level":"info","message":"GET /api/notes","timestamp":"2026-05-24T10:39:52.716Z"}
{"level":"info","message":"GET /api/review/stats","timestamp":"2026-05-24T10:39:52.736Z"}
{"level":"info","message":"GET /api/feedback","timestamp":"2026-05-24T10:39:52.763Z"}
{"level":"info","message":"POST /api/feedback","timestamp":"2026-05-24T10:39:58.095Z"}
{"level":"info","message":"POST /api/feedback","timestamp":"2026-05-24T10:39:59.291Z"}
{"level":"info","message":"POST /api/feedback","timestamp":"2026-05-24T10:40:00.343Z"}
{"level":"info","message":"POST /api/feedback","timestamp":"2026-05-24T10:40:00.539Z"}
{"level":"info","message":"POST /api/feedback","timestamp":"2026-05-24T10:40:00.704Z"}
{"level":"info","message":"POST /api/feedback","timestamp":"2026-05-24T10:40:02.644Z"}
{"level":"info","message":"POST /api/feedback","timestamp":"2026-05-24T10:40:02.818Z"}
{"level":"info","message":"GET /api/notes","timestamp":"2026-05-24T10:40:25.214Z"}
{"level":"info","message":"GET /api/review/stats","timestamp":"2026-05-24T10:40:25.238Z"}
{"level":"info","message":"GET /api/feedback","timestamp":"2026-05-24T10:40:25.271Z"}
{"level":"info","message":"GET /api/notes","timestamp":"2026-05-24T10:40:28.007Z"}
{"level":"info","message":"GET /api/review/stats","timestamp":"2026-05-24T10:40:28.027Z"}
{"level":"info","message":"GET /api/feedback","timestamp":"2026-05-24T10:42:08.516Z"}
{"level":"info","message":"GET /api/notes","timestamp":"2026-05-24T10:42:13.302Z"}
{"level":"info","message":"GET /api/review/stats","timestamp":"2026-05-24T10:42:13.322Z"}
{"level":"info","message":"GET /api/feedback","timestamp":"2026-05-24T10:43:29.430Z"}
{"level":"info","message":"GET /api/notes","timestamp":"2026-05-24T10:43:29.734Z"}
{"level":"info","message":"GET /api/review/stats","timestamp":"2026-05-24T10:43:29.752Z"}
{"level":"info","message":"GET /api/feedback","timestamp":"2026-05-24T10:43:29.774Z"}
{"level":"info","message":"GET /api/notes","timestamp":"2026-05-24T10:46:37.865Z"}
{"level":"info","message":"GET /api/review/stats","timestamp":"2026-05-24T10:46:37.891Z"}
{"level":"info","message":"GET /api/feedback","timestamp":"2026-05-24T10:46:37.918Z"}
{"level":"info","message":"POST /api/feedback","timestamp":"2026-05-24T10:46:50.712Z"}
{"level":"info","message":"GET /api/notes","timestamp":"2026-05-24T10:51:53.174Z"}
{"level":"info","message":"GET /api/review/stats","timestamp":"2026-05-24T10:51:53.190Z"}
{"level":"info","message":"GET /api/feedback","timestamp":"2026-05-24T10:51:53.210Z"}
{"level":"info","message":"GET /api/notes","timestamp":"2026-05-24T10:51:55.139Z"}
{"level":"info","message":"GET /api/review/stats","timestamp":"2026-05-24T10:51:55.157Z"}
{"level":"info","message":"GET /api/feedback","timestamp":"2026-05-24T10:51:55.181Z"}
{"level":"info","message":"GET /api/notes","timestamp":"2026-05-24T10:59:12.730Z"}
{"level":"info","message":"GET /api/review/stats","timestamp":"2026-05-24T10:59:12.750Z"}
{"level":"info","message":"GET /api/feedback","timestamp":"2026-05-24T10:59:12.774Z"}
{"level":"info","message":"POST /api/feedback","timestamp":"2026-05-24T10:59:23.479Z"}
{"level":"info","message":"GET /api/notes","timestamp":"2026-05-24T11:02:16.350Z"}
{"level":"info","message":"GET /api/review/stats","timestamp":"2026-05-24T11:02:16.368Z"}
{"level":"info","message":"GET /api/feedback","timestamp":"2026-05-24T11:02:16.389Z"}
{"level":"info","message":"POST /api/feedback","timestamp":"2026-05-24T11:02:22.883Z"}
{"level":"info","message":"POST /api/feedback","timestamp":"2026-05-24T11:05:28.417Z"}
{"level":"info","message":"GET /api/notes","timestamp":"2026-05-24T11:05:31.350Z"}
{"level":"info","message":"GET /api/review/stats","timestamp":"2026-05-24T11:05:31.373Z"}
{"level":"info","message":"GET /api/feedback","timestamp":"2026-05-24T11:05:31.395Z"}
{"level":"info","message":"POST /api/feedback","timestamp":"2026-05-24T11:05:37.257Z"}
{"level":"info","message":"数据库连接成功","timestamp":"2026-05-24T11:11:08.458Z"}
{"level":"info","message":"数据表同步完成","timestamp":"2026-05-24T11:11:08.477Z"}
{"level":"info","message":"服务器运行在端口 3000","timestamp":"2026-05-24T11:11:08.484Z"}
{"level":"info","message":"GET /api/notes","timestamp":"2026-05-24T11:12:11.395Z"}
{"level":"info","message":"GET /api/review/stats","timestamp":"2026-05-24T11:12:11.437Z"}
{"level":"info","message":"GET /api/feedback","timestamp":"2026-05-24T11:12:11.466Z"}
{"level":"info","message":"POST /api/feedback","timestamp":"2026-05-24T11:12:18.569Z"}
{"level":"info","message":"GET /api/feedback","timestamp":"2026-05-24T11:12:18.671Z"}
{"level":"info","message":"GET /api/notes","timestamp":"2026-05-24T11:13:14.722Z"}
{"level":"info","message":"GET /api/review/stats","timestamp":"2026-05-24T11:13:14.745Z"}
{"level":"info","message":"GET /api/feedback","timestamp":"2026-05-24T11:13:14.772Z"}
{"level":"info","message":"GET /api/notes","timestamp":"2026-05-24T11:14:51.690Z"}
{"level":"info","message":"GET /api/review/stats","timestamp":"2026-05-24T11:14:51.710Z"}
{"level":"info","message":"GET /api/feedback","timestamp":"2026-05-24T11:14:51.734Z"}
{"level":"info","message":"DELETE /api/feedback/1","timestamp":"2026-05-24T11:14:56.093Z"}
{"level":"info","message":"GET /api/notes","timestamp":"2026-05-24T11:16:32.431Z"}
{"level":"info","message":"GET /api/notes","timestamp":"2026-05-24T11:16:32.443Z"}
{"level":"info","message":"GET /api/review/stats","timestamp":"2026-05-24T11:16:32.448Z"}
{"level":"info","message":"GET /api/notes","timestamp":"2026-05-24T11:16:32.458Z"}
{"level":"info","message":"GET /api/review/stats","timestamp":"2026-05-24T11:16:32.474Z"}
{"level":"info","message":"GET /api/feedback","timestamp":"2026-05-24T11:16:32.479Z"}
{"level":"info","message":"GET /api/review/stats","timestamp":"2026-05-24T11:16:32.498Z"}
{"level":"info","message":"GET /api/feedback","timestamp":"2026-05-24T11:16:32.502Z"}
{"level":"info","message":"GET /api/feedback","timestamp":"2026-05-24T11:16:32.525Z"}
{"level":"info","message":"DELETE /api/feedback/1","timestamp":"2026-05-24T11:16:35.759Z"}
{"level":"info","message":"GET /api/notes","timestamp":"2026-05-24T11:18:51.955Z"}
{"level":"info","message":"GET /api/review/stats","timestamp":"2026-05-24T11:18:51.974Z"}
{"level":"info","message":"GET /api/feedback","timestamp":"2026-05-24T11:18:51.997Z"}
{"level":"info","message":"DELETE /api/feedback/1","timestamp":"2026-05-24T11:18:55.440Z"}
{"level":"info","message":"GET /api/notes","timestamp":"2026-05-24T11:24:31.458Z"}
{"level":"info","message":"GET /api/review/stats","timestamp":"2026-05-24T11:24:31.477Z"}
{"level":"info","message":"GET /api/feedback","timestamp":"2026-05-24T11:24:31.504Z"}
{"level":"info","message":"DELETE /api/feedback/1","timestamp":"2026-05-24T11:24:36.355Z"}
{"level":"info","message":"GET /api/notes","timestamp":"2026-05-24T11:25:02.476Z"}
{"level":"info","message":"GET /api/review/stats","timestamp":"2026-05-24T11:25:02.494Z"}
{"level":"info","message":"GET /api/feedback","timestamp":"2026-05-24T11:25:02.514Z"}
{"level":"info","message":"DELETE /api/feedback/1","timestamp":"2026-05-24T11:25:07.716Z"}
{"level":"info","message":"DELETE /api/feedback/1","timestamp":"2026-05-24T11:26:03.204Z"}
{"level":"info","message":"GET /api/notes","timestamp":"2026-05-24T11:26:20.171Z"}
{"level":"info","message":"GET /api/review/stats","timestamp":"2026-05-24T11:26:20.195Z"}
{"level":"info","message":"GET /api/feedback","timestamp":"2026-05-24T11:26:20.224Z"}
{"level":"info","message":"DELETE /api/feedback/1","timestamp":"2026-05-24T11:26:25.781Z"}
{"level":"info","message":"数据库连接成功","timestamp":"2026-05-24T11:26:38.659Z"}
{"level":"info","message":"数据表同步完成","timestamp":"2026-05-24T11:26:38.681Z"}
{"level":"info","message":"服务器运行在端口 3000","timestamp":"2026-05-24T11:26:38.688Z"}
{"level":"info","message":"GET /api/notes","timestamp":"2026-05-24T11:26:45.378Z"}
{"level":"info","message":"GET /api/review/stats","timestamp":"2026-05-24T11:26:45.411Z"}
{"level":"info","message":"GET /api/feedback","timestamp":"2026-05-24T11:26:45.438Z"}
{"level":"info","message":"DELETE /api/feedback/1","timestamp":"2026-05-24T11:26:48.886Z"}
{"level":"info","message":"GET /api/notes","timestamp":"2026-05-24T11:42:58.466Z"}
{"level":"info","message":"GET /api/review/due","timestamp":"2026-05-24T11:42:58.505Z"}
{"level":"info","message":"GET /api/review/stats","timestamp":"2026-05-24T11:42:58.526Z"}
{"level":"info","message":"GET /api/notes","timestamp":"2026-05-24T11:42:59.834Z"}
{"level":"info","message":"GET /api/review/due","timestamp":"2026-05-24T11:42:59.855Z"}
{"level":"info","message":"GET /api/review/stats","timestamp":"2026-05-24T11:42:59.887Z"}
{"level":"info","message":"GET /api/notes","timestamp":"2026-05-24T11:43:02.965Z"}
{"level":"info","message":"GET /api/review/due","timestamp":"2026-05-24T11:43:02.986Z"}
{"level":"info","message":"GET /api/review/stats","timestamp":"2026-05-24T11:43:03.003Z"}
{"level":"info","message":"GET /api/notes","timestamp":"2026-05-24T11:43:04.179Z"}
{"level":"info","message":"GET /api/notes","timestamp":"2026-05-24T11:45:45.426Z"}
{"level":"info","message":"GET /api/review/due","timestamp":"2026-05-24T11:45:45.443Z"}
{"level":"info","message":"GET /api/review/stats","timestamp":"2026-05-24T11:45:45.459Z"}
{"level":"info","message":"GET /api/notes","timestamp":"2026-05-24T11:45:46.791Z"}
{"level":"info","message":"GET /api/notes","timestamp":"2026-05-24T11:45:49.084Z"}
{"level":"info","message":"GET /api/review/due","timestamp":"2026-05-24T11:45:49.102Z"}
{"level":"info","message":"GET /api/review/stats","timestamp":"2026-05-24T11:45:49.120Z"}
{"level":"info","message":"GET /api/notes","timestamp":"2026-05-24T11:45:49.902Z"}
{"level":"info","message":"GET /api/notes","timestamp":"2026-05-24T11:45:51.997Z"}
{"level":"info","message":"GET /api/review/due","timestamp":"2026-05-24T11:45:52.014Z"}
{"level":"info","message":"GET /api/review/stats","timestamp":"2026-05-24T11:45:52.027Z"}
{"level":"info","message":"GET /api/notes","timestamp":"2026-05-24T11:45:52.869Z"}
{"level":"info","message":"GET /api/review/due","timestamp":"2026-05-24T11:45:52.884Z"}
{"level":"info","message":"GET /api/review/stats","timestamp":"2026-05-24T11:45:52.897Z"}
{"level":"info","message":"GET /api/notes","timestamp":"2026-05-24T11:46:22.193Z"}
{"level":"info","message":"GET /api/review/due","timestamp":"2026-05-24T11:46:22.215Z"}
{"level":"info","message":"GET /api/review/stats","timestamp":"2026-05-24T11:46:22.228Z"}
{"level":"info","message":"GET /api/notes","timestamp":"2026-05-24T11:46:23.139Z"}
{"level":"info","message":"GET /api/review/due","timestamp":"2026-05-24T11:46:23.155Z"}
{"level":"info","message":"GET /api/review/stats","timestamp":"2026-05-24T11:46:23.168Z"}
{"level":"info","message":"GET /api/notes","timestamp":"2026-05-24T11:46:28.891Z"}
{"level":"info","message":"GET /api/review/due","timestamp":"2026-05-24T11:46:28.912Z"}
{"level":"info","message":"GET /api/review/stats","timestamp":"2026-05-24T11:46:28.927Z"}
{"level":"info","message":"GET /api/notes","timestamp":"2026-05-24T11:46:31.018Z"}
{"level":"info","message":"GET /api/review/due","timestamp":"2026-05-24T11:46:31.036Z"}
{"level":"info","message":"GET /api/review/stats","timestamp":"2026-05-24T11:46:31.050Z"}
{"level":"info","message":"GET /api/notes","timestamp":"2026-05-24T11:51:33.764Z"}
{"level":"info","message":"GET /api/review/due","timestamp":"2026-05-24T11:51:33.790Z"}
{"level":"info","message":"GET /api/review/stats","timestamp":"2026-05-24T11:51:33.808Z"}
{"level":"info","message":"GET /api/notes","timestamp":"2026-05-24T11:51:39.242Z"}
{"level":"info","message":"GET /api/review/due","timestamp":"2026-05-24T11:51:39.259Z"}
{"level":"info","message":"GET /api/review/stats","timestamp":"2026-05-24T11:51:39.274Z"}
{"level":"info","message":"GET /api/notes","timestamp":"2026-05-24T11:51:54.740Z"}
{"level":"info","message":"GET /api/review/due","timestamp":"2026-05-24T11:51:54.762Z"}
{"level":"info","message":"GET /api/review/stats","timestamp":"2026-05-24T11:51:54.778Z"}
{"level":"info","message":"GET /api/notes","timestamp":"2026-05-24T11:51:55.611Z"}
{"level":"info","message":"GET /api/review/due","timestamp":"2026-05-24T11:51:55.626Z"}
{"level":"info","message":"GET /api/review/stats","timestamp":"2026-05-24T11:51:55.640Z"}
{"level":"info","message":"GET /api/notes","timestamp":"2026-05-24T11:53:03.459Z"}
{"level":"info","message":"GET /api/review/due","timestamp":"2026-05-24T11:53:03.487Z"}
{"level":"info","message":"GET /api/review/stats","timestamp":"2026-05-24T11:53:03.504Z"}
{"level":"info","message":"GET /api/notes","timestamp":"2026-05-24T11:53:10.368Z"}
{"level":"info","message":"GET /api/review/due","timestamp":"2026-05-24T11:53:10.384Z"}
{"level":"info","message":"GET /api/review/stats","timestamp":"2026-05-24T11:53:10.396Z"}
{"level":"info","message":"GET /api/notes","timestamp":"2026-05-24T11:53:15.277Z"}
{"level":"info","message":"GET /api/review/due","timestamp":"2026-05-24T11:53:15.294Z"}
{"level":"info","message":"GET /api/review/stats","timestamp":"2026-05-24T11:53:15.307Z"}
{"level":"info","message":"GET /api/notes","timestamp":"2026-05-24T11:53:23.260Z"}
{"level":"info","message":"GET /api/review/due","timestamp":"2026-05-24T11:53:23.282Z"}
{"level":"info","message":"GET /api/review/stats","timestamp":"2026-05-24T11:53:23.296Z"}
{"level":"info","message":"GET /api/notes","timestamp":"2026-05-24T11:53:47.359Z"}
{"level":"info","message":"GET /api/review/due","timestamp":"2026-05-24T11:53:47.377Z"}
{"level":"info","message":"GET /api/review/stats","timestamp":"2026-05-24T11:53:47.390Z"}
{"level":"info","message":"GET /api/notes","timestamp":"2026-05-24T11:53:53.299Z"}
{"level":"info","message":"GET /api/review/due","timestamp":"2026-05-24T11:53:53.316Z"}
{"level":"info","message":"GET /api/review/stats","timestamp":"2026-05-24T11:53:53.330Z"}
{"level":"info","message":"GET /api/notes","timestamp":"2026-05-24T11:54:10.781Z"}
{"level":"info","message":"GET /api/review/due","timestamp":"2026-05-24T11:54:10.803Z"}
{"level":"info","message":"GET /api/review/stats","timestamp":"2026-05-24T11:54:10.827Z"}
{"level":"info","message":"GET /api/notes","timestamp":"2026-05-24T11:54:18.774Z"}
{"level":"info","message":"GET /api/review/due","timestamp":"2026-05-24T11:54:18.792Z"}
{"level":"info","message":"GET /api/review/stats","timestamp":"2026-05-24T11:54:18.807Z"}
{"level":"info","message":"GET /api/notes","timestamp":"2026-05-24T11:54:19.661Z"}
{"level":"info","message":"GET /api/review/due","timestamp":"2026-05-24T11:54:19.675Z"}
{"level":"info","message":"GET /api/review/stats","timestamp":"2026-05-24T11:54:19.688Z"}
{"level":"info","message":"GET /api/notes","timestamp":"2026-05-24T11:54:24.422Z"}
{"level":"info","message":"GET /api/review/due","timestamp":"2026-05-24T11:54:24.438Z"}
{"level":"info","message":"GET /api/review/stats","timestamp":"2026-05-24T11:54:24.455Z"}
{"level":"info","message":"GET /api/notes","timestamp":"2026-05-24T11:54:24.972Z"}
{"level":"info","message":"GET /api/review/due","timestamp":"2026-05-24T11:54:24.988Z"}
{"level":"info","message":"GET /api/review/stats","timestamp":"2026-05-24T11:54:25.002Z"}
{"level":"info","message":"GET /api/notes","timestamp":"2026-05-24T11:54:26.548Z"}
{"level":"info","message":"GET /api/review/due","timestamp":"2026-05-24T11:54:26.564Z"}
{"level":"info","message":"GET /api/review/stats","timestamp":"2026-05-24T11:54:26.579Z"}
{"level":"info","message":"GET /api/notes","timestamp":"2026-05-24T11:55:07.041Z"}
{"level":"info","message":"GET /api/review/due","timestamp":"2026-05-24T11:55:07.063Z"}
{"level":"info","message":"GET /api/review/stats","timestamp":"2026-05-24T11:55:07.079Z"}
{"level":"info","message":"GET /api/notes","timestamp":"2026-05-24T11:56:08.057Z"}
{"level":"info","message":"GET /api/review/due","timestamp":"2026-05-24T11:56:08.078Z"}
{"level":"info","message":"GET /api/review/stats","timestamp":"2026-05-24T11:56:08.093Z"}
{"level":"info","message":"GET /api/notes","timestamp":"2026-05-24T11:56:21.605Z"}
{"level":"info","message":"GET /api/review/due","timestamp":"2026-05-24T11:56:21.622Z"}
{"level":"info","message":"GET /api/review/stats","timestamp":"2026-05-24T11:56:21.638Z"}
{"level":"info","message":"GET /api/notes","timestamp":"2026-05-24T11:56:54.455Z"}
{"level":"info","message":"GET /api/review/due","timestamp":"2026-05-24T11:56:54.475Z"}
{"level":"info","message":"GET /api/review/stats","timestamp":"2026-05-24T11:56:54.493Z"}
{"level":"info","message":"GET /api/notes","timestamp":"2026-05-24T11:57:21.288Z"}
{"level":"info","message":"GET /api/review/due","timestamp":"2026-05-24T11:57:21.306Z"}
{"level":"info","message":"GET /api/review/stats","timestamp":"2026-05-24T11:57:21.319Z"}
{"level":"info","message":"GET /api/notes","timestamp":"2026-05-24T11:57:38.365Z"}
{"level":"info","message":"GET /api/review/due","timestamp":"2026-05-24T11:57:38.388Z"}
{"level":"info","message":"GET /api/review/stats","timestamp":"2026-05-24T11:57:38.404Z"}
{"level":"info","message":"GET /api/notes","timestamp":"2026-05-24T11:58:07.411Z"}
{"level":"info","message":"GET /api/review/due","timestamp":"2026-05-24T11:58:07.432Z"}
{"level":"info","message":"GET /api/review/stats","timestamp":"2026-05-24T11:58:07.452Z"}
{"level":"info","message":"GET /api/notes","timestamp":"2026-05-24T11:58:13.313Z"}
{"level":"info","message":"GET /api/review/due","timestamp":"2026-05-24T11:58:13.332Z"}
{"level":"info","message":"GET /api/review/stats","timestamp":"2026-05-24T11:58:13.347Z"}
{"level":"info","message":"GET /api/notes","timestamp":"2026-05-24T12:00:17.972Z"}
{"level":"info","message":"GET /api/review/due","timestamp":"2026-05-24T12:00:17.990Z"}
{"level":"info","message":"GET /api/review/stats","timestamp":"2026-05-24T12:00:18.006Z"}
{"level":"info","message":"GET /api/notes","timestamp":"2026-05-24T12:00:48.630Z"}
{"level":"info","message":"GET /api/review/due","timestamp":"2026-05-24T12:00:48.656Z"}
{"level":"info","message":"GET /api/review/stats","timestamp":"2026-05-24T12:00:48.674Z"}
{"level":"info","message":"GET /api/notes","timestamp":"2026-05-24T12:00:53.107Z"}
{"level":"info","message":"GET /api/review/due","timestamp":"2026-05-24T12:00:53.134Z"}
{"level":"info","message":"GET /api/review/stats","timestamp":"2026-05-24T12:00:53.150Z"}
{"level":"info","message":"GET /api/notes","timestamp":"2026-05-24T12:04:15.712Z"}
{"level":"info","message":"GET /api/review/due","timestamp":"2026-05-24T12:04:15.732Z"}
{"level":"info","message":"GET /api/review/stats","timestamp":"2026-05-24T12:04:15.750Z"}
{"level":"info","message":"GET /api/notes","timestamp":"2026-05-24T12:05:04.414Z"}
{"level":"info","message":"GET /api/review/due","timestamp":"2026-05-24T12:05:04.433Z"}
{"level":"info","message":"GET /api/review/stats","timestamp":"2026-05-24T12:05:33.191Z"}
{"level":"info","message":"GET /api/notes","timestamp":"2026-05-24T12:05:35.557Z"}
{"level":"info","message":"GET /api/review/due","timestamp":"2026-05-24T12:05:35.573Z"}
{"level":"info","message":"GET /api/review/stats","timestamp":"2026-05-24T12:06:26.889Z"}
{"level":"info","message":"GET /api/notes","timestamp":"2026-05-24T12:08:28.547Z"}
{"level":"info","message":"GET /api/review/due","timestamp":"2026-05-24T12:08:28.562Z"}
{"level":"info","message":"GET /api/review/stats","timestamp":"2026-05-24T12:08:46.247Z"}
{"level":"info","message":"GET /api/notes","timestamp":"2026-05-24T12:11:24.473Z"}
{"level":"info","message":"GET /api/notes","timestamp":"2026-05-24T12:11:24.748Z"}
{"level":"info","message":"GET /api/review/due","timestamp":"2026-05-24T12:11:24.766Z"}
{"level":"info","message":"GET /api/review/stats","timestamp":"2026-05-24T12:11:29.986Z"}
{"level":"info","message":"GET /api/notes","timestamp":"2026-05-24T12:11:35.127Z"}
{"level":"info","message":"GET /api/review/due","timestamp":"2026-05-24T12:11:35.149Z"}
{"level":"info","message":"GET /api/review/stats","timestamp":"2026-05-24T12:11:48.488Z"}
{"level":"info","message":"GET /api/notes","timestamp":"2026-05-24T12:12:38.432Z"}
{"level":"info","message":"GET /api/review/due","timestamp":"2026-05-24T12:12:38.450Z"}
{"level":"info","message":"GET /api/review/stats","timestamp":"2026-05-24T12:12:38.467Z"}
{"level":"info","message":"GET /api/notes","timestamp":"2026-05-24T12:12:43.828Z"}
{"level":"info","message":"GET /api/review/due","timestamp":"2026-05-24T12:12:43.850Z"}
{"level":"info","message":"GET /api/review/stats","timestamp":"2026-05-24T12:12:43.884Z"}
{"level":"info","message":"GET /api/notes","timestamp":"2026-05-24T12:12:58.391Z"}
{"level":"info","message":"GET /api/review/due","timestamp":"2026-05-24T12:12:58.405Z"}
{"level":"info","message":"GET /api/review/stats","timestamp":"2026-05-24T12:12:58.418Z"}
{"level":"info","message":"GET /api/notes","timestamp":"2026-05-24T12:13:04.286Z"}
{"level":"info","message":"GET /api/review/due","timestamp":"2026-05-24T12:13:04.305Z"}
{"level":"info","message":"GET /api/review/stats","timestamp":"2026-05-24T12:13:04.320Z"}
{"level":"info","message":"GET /api/notes","timestamp":"2026-05-24T12:13:37.775Z"}
{"level":"info","message":"GET /api/review/due","timestamp":"2026-05-24T12:13:37.794Z"}
{"level":"info","message":"GET /api/review/stats","timestamp":"2026-05-24T12:13:37.811Z"}
{"level":"info","message":"GET /api/notes","timestamp":"2026-05-24T12:14:12.882Z"}
{"level":"info","message":"GET /api/review/due","timestamp":"2026-05-24T12:14:12.906Z"}
{"level":"info","message":"GET /api/review/stats","timestamp":"2026-05-24T12:14:12.924Z"}
{"level":"info","message":"GET /api/notes","timestamp":"2026-05-24T12:16:11.710Z"}
{"level":"info","message":"GET /api/review/due","timestamp":"2026-05-24T12:16:11.727Z"}
{"level":"info","message":"GET /api/review/stats","timestamp":"2026-05-24T12:16:11.743Z"}
{"level":"info","message":"POST /api/review/schedule/1","timestamp":"2026-05-24T12:16:16.512Z"}
{"level":"info","message":"GET /api/notes","timestamp":"2026-05-24T12:16:19.724Z"}
{"level":"info","message":"GET /api/review/due","timestamp":"2026-05-24T12:16:19.742Z"}
{"level":"info","message":"GET /api/review/stats","timestamp":"2026-05-24T12:16:19.756Z"}
{"level":"info","message":"POST /api/review/schedule/1","timestamp":"2026-05-24T12:16:23.628Z"}
{"level":"info","message":"GET /api/notes","timestamp":"2026-05-24T12:16:27.251Z"}
{"level":"info","message":"GET /api/review/due","timestamp":"2026-05-24T12:16:27.280Z"}
{"level":"info","message":"GET /api/review/stats","timestamp":"2026-05-24T12:16:27.296Z"}
{"level":"info","message":"GET /api/notes","timestamp":"2026-05-24T12:17:14.274Z"}
{"level":"info","message":"GET /api/review/due","timestamp":"2026-05-24T12:17:14.306Z"}
{"level":"info","message":"GET /api/review/stats","timestamp":"2026-05-24T12:17:14.328Z"}
{"level":"info","message":"GET /api/notes","timestamp":"2026-05-24T12:17:21.199Z"}
{"level":"info","message":"GET /api/review/due","timestamp":"2026-05-24T12:17:21.220Z"}
{"level":"info","message":"GET /api/review/stats","timestamp":"2026-05-24T12:17:21.238Z"}
{"level":"info","message":"POST /api/review/schedule/1","timestamp":"2026-05-24T12:19:13.020Z"}
{"level":"info","message":"GET /api/notes","timestamp":"2026-05-24T12:19:31.635Z"}
{"level":"info","message":"GET /api/review/due","timestamp":"2026-05-24T12:19:31.655Z"}
{"level":"info","message":"GET /api/review/stats","timestamp":"2026-05-24T12:19:31.678Z"}
{"level":"info","message":"POST /api/review/schedule/1","timestamp":"2026-05-24T12:19:36.451Z"}
{"level":"info","message":"GET /api/notes","timestamp":"2026-05-24T12:26:27.487Z"}
{"level":"info","message":"GET /api/review/due","timestamp":"2026-05-24T12:26:27.508Z"}
{"level":"info","message":"GET /api/review/stats","timestamp":"2026-05-24T12:26:27.529Z"}
{"level":"info","message":"POST /api/review/schedule/1","timestamp":"2026-05-24T12:26:33.980Z"}
{"level":"info","message":"数据库连接成功","timestamp":"2026-05-24T12:34:27.107Z"}
{"level":"info","message":"数据表同步完成","timestamp":"2026-05-24T12:34:27.126Z"}
{"level":"info","message":"服务器运行在端口 3000","timestamp":"2026-05-24T12:34:27.134Z"}
{"level":"info","message":"GET /api/notes","timestamp":"2026-05-24T12:34:39.375Z"}
{"level":"info","message":"GET /api/review/due","timestamp":"2026-05-24T12:34:39.407Z"}
{"level":"info","message":"GET /api/review/stats","timestamp":"2026-05-24T12:34:39.434Z"}
{"level":"info","message":"GET /api/notes","timestamp":"2026-05-24T12:34:43.379Z"}
{"level":"info","message":"GET /api/review/due","timestamp":"2026-05-24T12:34:43.397Z"}
{"level":"info","message":"GET /api/review/stats","timestamp":"2026-05-24T12:34:43.412Z"}
{"level":"info","message":"GET /api/notes","timestamp":"2026-05-24T12:34:52.919Z"}
{"level":"info","message":"GET /api/review/due","timestamp":"2026-05-24T12:34:52.952Z"}
{"level":"info","message":"GET /api/review/stats","timestamp":"2026-05-24T12:34:52.970Z"}
{"level":"info","message":"GET /api/notes","timestamp":"2026-05-24T12:34:54.215Z"}
{"level":"info","message":"GET /api/review/due","timestamp":"2026-05-24T12:34:54.232Z"}
{"level":"info","message":"GET /api/review/stats","timestamp":"2026-05-24T12:34:54.248Z"}
{"level":"info","message":"GET /api/notes","timestamp":"2026-05-24T12:35:17.653Z"}
{"level":"info","message":"GET /api/review/due","timestamp":"2026-05-24T12:35:17.683Z"}
{"level":"info","message":"GET /api/review/stats","timestamp":"2026-05-24T12:35:17.701Z"}
{"level":"info","message":"GET /api/notes","timestamp":"2026-05-24T12:43:14.506Z"}
{"level":"info","message":"GET /api/review/due","timestamp":"2026-05-24T12:43:14.531Z"}
{"level":"info","message":"GET /api/review/stats","timestamp":"2026-05-24T12:43:14.550Z"}
{"level":"info","message":"GET /api/notes","timestamp":"2026-05-24T12:43:15.535Z"}
{"level":"info","message":"GET /api/review/due","timestamp":"2026-05-24T12:43:15.552Z"}
{"level":"info","message":"GET /api/review/stats","timestamp":"2026-05-24T12:43:15.568Z"}
{"level":"info","message":"GET /api/notes","timestamp":"2026-05-24T12:43:20.926Z"}
{"level":"info","message":"GET /api/review/due","timestamp":"2026-05-24T12:43:20.945Z"}
{"level":"info","message":"GET /api/review/stats","timestamp":"2026-05-24T12:43:20.961Z"}
{"level":"info","message":"GET /api/notes","timestamp":"2026-05-24T12:44:39.766Z"}
{"level":"info","message":"GET /api/review/due","timestamp":"2026-05-24T12:44:39.805Z"}
{"level":"info","message":"GET /api/review/stats","timestamp":"2026-05-24T12:44:39.830Z"}
{"level":"info","message":"GET /api/notes","timestamp":"2026-05-24T12:53:56.331Z"}
{"level":"info","message":"GET /api/review/due","timestamp":"2026-05-24T12:53:56.349Z"}
{"level":"info","message":"GET /api/review/stats","timestamp":"2026-05-24T12:53:56.366Z"}
{"level":"info","message":"POST /api/review/review/1","timestamp":"2026-05-24T12:54:02.587Z"}
{"level":"info","message":"GET /api/notes","timestamp":"2026-05-24T12:54:04.675Z"}
{"level":"info","message":"GET /api/review/due","timestamp":"2026-05-24T12:54:04.689Z"}
{"level":"info","message":"GET /api/review/stats","timestamp":"2026-05-24T12:54:04.704Z"}
{"level":"info","message":"GET /api/notes","timestamp":"2026-05-24T12:54:06.736Z"}
{"level":"info","message":"GET /api/review/due","timestamp":"2026-05-24T12:54:06.753Z"}
{"level":"info","message":"GET /api/review/stats","timestamp":"2026-05-24T12:54:06.767Z"}
{"level":"info","message":"GET /api/notes","timestamp":"2026-05-24T12:55:14.894Z"}
{"level":"info","message":"GET /api/review/due","timestamp":"2026-05-24T12:55:14.912Z"}
{"level":"info","message":"GET /api/review/stats","timestamp":"2026-05-24T12:55:14.929Z"}
{"level":"info","message":"GET /api/notes","timestamp":"2026-05-24T12:56:44.240Z"}
{"level":"info","message":"GET /api/review/due","timestamp":"2026-05-24T12:56:44.259Z"}
{"level":"info","message":"GET /api/review/stats","timestamp":"2026-05-24T12:56:44.277Z"}
{"level":"info","message":"GET /api/notes","timestamp":"2026-05-24T12:58:33.614Z"}
{"level":"info","message":"GET /api/review/due","timestamp":"2026-05-24T12:58:33.643Z"}
{"level":"info","message":"GET /api/review/stats","timestamp":"2026-05-24T12:58:33.667Z"}
{"level":"info","message":"POST /api/review/schedule/4","timestamp":"2026-05-24T12:59:46.665Z"}
{"level":"info","message":"POST /api/review/schedule/5","timestamp":"2026-05-24T13:00:00.181Z"}
{"level":"info","message":"GET /api/notes","timestamp":"2026-05-24T13:00:07.783Z"}
{"level":"info","message":"GET /api/review/due","timestamp":"2026-05-24T13:00:07.802Z"}
{"level":"info","message":"GET /api/review/stats","timestamp":"2026-05-24T13:00:07.819Z"}
{"level":"info","message":"GET /api/notes","timestamp":"2026-05-24T13:01:46.260Z"}
{"level":"info","message":"GET /api/review/due","timestamp":"2026-05-24T13:01:46.279Z"}
{"level":"info","message":"GET /api/review/stats","timestamp":"2026-05-24T13:01:46.295Z"}
{"level":"info","message":"GET /api/notes","timestamp":"2026-05-24T13:04:51.444Z"}
{"level":"info","message":"GET /api/review/due","timestamp":"2026-05-24T13:04:51.463Z"}
{"level":"info","message":"GET /api/review/stats","timestamp":"2026-05-24T13:04:51.482Z"}
{"level":"info","message":"GET /api/notes","timestamp":"2026-05-24T13:05:54.987Z"}
{"level":"info","message":"GET /api/review/due","timestamp":"2026-05-24T13:05:55.014Z"}
{"level":"info","message":"GET /api/review/stats","timestamp":"2026-05-24T13:05:55.034Z"}
{"level":"info","message":"GET /api/notes","timestamp":"2026-05-24T13:06:30.994Z"}
{"level":"info","message":"GET /api/review/due","timestamp":"2026-05-24T13:06:31.012Z"}
{"level":"info","message":"GET /api/review/stats","timestamp":"2026-05-24T13:06:31.030Z"}
{"level":"info","message":"GET /api/notes","timestamp":"2026-05-24T13:06:40.499Z"}
{"level":"info","message":"GET /api/review/due","timestamp":"2026-05-24T13:06:40.517Z"}
{"level":"info","message":"GET /api/review/stats","timestamp":"2026-05-24T13:06:40.533Z"}
{"level":"info","message":"GET /api/notes","timestamp":"2026-05-24T13:07:49.670Z"}
{"level":"info","message":"GET /api/review/due","timestamp":"2026-05-24T13:07:49.696Z"}
{"level":"info","message":"GET /api/review/stats","timestamp":"2026-05-24T13:07:49.721Z"}
{"level":"info","message":"POST /api/review/schedule/5","timestamp":"2026-05-24T13:08:09.088Z"}
{"level":"info","message":"GET /api/notes","timestamp":"2026-05-24T13:10:42.056Z"}
{"level":"info","message":"GET /api/review/due","timestamp":"2026-05-24T13:10:42.081Z"}
{"level":"info","message":"GET /api/review/stats","timestamp":"2026-05-24T13:10:42.101Z"}
{"level":"info","message":"GET /api/notes","timestamp":"2026-05-24T13:11:17.848Z"}
{"level":"info","message":"GET /api/review/due","timestamp":"2026-05-24T13:11:17.880Z"}
{"level":"info","message":"GET /api/review/stats","timestamp":"2026-05-24T13:11:17.903Z"}
{"level":"info","message":"POST /api/review/schedule/1","timestamp":"2026-05-24T13:12:28.976Z"}
{"level":"info","message":"POST /api/review/schedule/1","timestamp":"2026-05-24T13:12:34.859Z"}
{"level":"info","message":"GET /api/notes","timestamp":"2026-05-24T13:13:56.502Z"}
{"level":"info","message":"GET /api/review/due","timestamp":"2026-05-24T13:13:56.532Z"}
{"level":"info","message":"GET /api/review/stats","timestamp":"2026-05-24T13:13:56.554Z"}
{"level":"info","message":"POST /api/review/review/1779628089080","timestamp":"2026-05-24T13:15:37.377Z"}
{"level":"info","message":"数据库连接成功","timestamp":"2026-05-25T10:35:52.299Z"}
{"level":"info","message":"数据表同步完成","timestamp":"2026-05-25T10:35:52.323Z"}
{"level":"info","message":"服务器运行在端口 3000","timestamp":"2026-05-25T10:35:52.333Z"}
{"level":"info","message":"GET /api/notes","timestamp":"2026-05-25T10:36:06.080Z"}
{"level":"info","message":"GET /api/review/due","timestamp":"2026-05-25T10:36:06.119Z"}
{"level":"info","message":"GET /api/review/stats","timestamp":"2026-05-25T10:36:06.148Z"}
{"level":"info","message":"GET /api/notes","timestamp":"2026-05-25T10:36:08.672Z"}
{"level":"info","message":"GET /api/notes","timestamp":"2026-05-25T10:36:10.269Z"}
{"level":"info","message":"GET /api/review/due","timestamp":"2026-05-25T10:36:10.289Z"}
{"level":"info","message":"GET /api/review/stats","timestamp":"2026-05-25T10:36:10.305Z"}
{"level":"info","message":"GET /api/notes","timestamp":"2026-05-25T10:36:11.182Z"}
{"level":"info","message":"GET /api/review/due","timestamp":"2026-05-25T10:36:11.201Z"}
{"level":"info","message":"GET /api/review/stats","timestamp":"2026-05-25T10:36:11.220Z"}
{"level":"info","message":"GET /api/notes","timestamp":"2026-05-25T10:36:17.153Z"}
{"level":"info","message":"GET /api/review/due","timestamp":"2026-05-25T10:36:17.172Z"}
{"level":"info","message":"GET /api/review/stats","timestamp":"2026-05-25T10:36:17.188Z"}
{"level":"info","message":"GET /api/notes","timestamp":"2026-05-25T10:36:18.882Z"}
{"level":"info","message":"GET /api/review/stats","timestamp":"2026-05-25T10:36:18.898Z"}
{"level":"info","message":"GET /api/feedback","timestamp":"2026-05-25T10:36:18.929Z"}
{"level":"info","message":"GET /api/notes","timestamp":"2026-05-25T10:36:30.804Z"}
{"level":"info","message":"GET /api/review/due","timestamp":"2026-05-25T10:36:30.824Z"}
{"level":"info","message":"GET /api/review/stats","timestamp":"2026-05-25T10:36:30.838Z"}
{"level":"info","message":"GET /api/notes","timestamp":"2026-05-25T10:36:32.257Z"}
{"level":"info","message":"GET /api/review/due","timestamp":"2026-05-25T10:36:32.279Z"}
{"level":"info","message":"GET /api/review/stats","timestamp":"2026-05-25T10:36:32.300Z"}
{"level":"info","message":"GET /api/notes","timestamp":"2026-05-25T10:36:33.493Z"}
{"level":"info","message":"GET /api/review/due","timestamp":"2026-05-25T10:36:33.518Z"}
{"level":"info","message":"GET /api/review/stats","timestamp":"2026-05-25T10:36:33.535Z"}
{"level":"info","message":"GET /api/notes","timestamp":"2026-05-25T10:57:30.425Z"}
{"level":"info","message":"GET /api/review/due","timestamp":"2026-05-25T10:57:30.451Z"}
{"level":"info","message":"GET /api/review/stats","timestamp":"2026-05-25T10:57:30.476Z"}
{"level":"info","message":"GET /api/notes","timestamp":"2026-05-25T10:57:31.469Z"}
{"level":"info","message":"GET /api/review/due","timestamp":"2026-05-25T10:57:31.495Z"}
{"level":"info","message":"GET /api/review/stats","timestamp":"2026-05-25T10:57:31.528Z"}
{"level":"info","message":"POST /api/review/review/2","timestamp":"2026-05-25T10:57:43.178Z"}
{"level":"info","message":"POST /api/review/review/3","timestamp":"2026-05-25T10:57:49.316Z"}
{"level":"info","message":"GET /api/notes","timestamp":"2026-05-25T11:00:13.194Z"}
{"level":"info","message":"GET /api/review/due","timestamp":"2026-05-25T11:00:13.223Z"}
{"level":"info","message":"GET /api/review/stats","timestamp":"2026-05-25T11:00:13.249Z"}
{"level":"info","message":"GET /api/notes","timestamp":"2026-05-25T11:02:02.447Z"}
{"level":"info","message":"GET /api/review/due","timestamp":"2026-05-25T11:02:02.466Z"}
{"level":"info","message":"GET /api/review/stats","timestamp":"2026-05-25T11:02:02.485Z"}
{"level":"info","message":"GET /api/notes","timestamp":"2026-05-25T11:02:10.859Z"}
{"level":"info","message":"GET /api/review/due","timestamp":"2026-05-25T11:02:10.885Z"}
{"level":"info","message":"GET /api/review/stats","timestamp":"2026-05-25T11:02:10.903Z"}
{"level":"info","message":"GET /api/notes","timestamp":"2026-05-25T11:02:23.462Z"}
{"level":"info","message":"GET /api/review/due","timestamp":"2026-05-25T11:02:23.483Z"}
{"level":"info","message":"GET /api/review/stats","timestamp":"2026-05-25T11:02:23.503Z"}
{"level":"info","message":"GET /api/notes","timestamp":"2026-05-25T11:02:40.637Z"}
{"level":"info","message":"GET /api/review/due","timestamp":"2026-05-25T11:02:40.668Z"}
{"level":"info","message":"GET /api/review/stats","timestamp":"2026-05-25T11:02:40.686Z"}
{"level":"info","message":"GET /api/notes","timestamp":"2026-05-25T11:03:13.712Z"}
{"level":"info","message":"GET /api/review/due","timestamp":"2026-05-25T11:03:13.733Z"}
{"level":"info","message":"GET /api/review/stats","timestamp":"2026-05-25T11:03:13.753Z"}
{"level":"info","message":"POST /api/review/schedule/1","timestamp":"2026-05-25T11:07:26.546Z"}
{"level":"info","message":"POST /api/review/review/1779707246534","timestamp":"2026-05-25T11:07:36.785Z"}
{"level":"info","message":"GET /api/notes","timestamp":"2026-05-25T11:08:39.882Z"}
{"level":"info","message":"GET /api/review/due","timestamp":"2026-05-25T11:08:39.912Z"}
{"level":"info","message":"GET /api/review/stats","timestamp":"2026-05-25T11:08:39.932Z"}
{"level":"info","message":"GET /api/notes","timestamp":"2026-05-25T11:08:54.435Z"}
{"level":"info","message":"GET /api/review/due","timestamp":"2026-05-25T11:08:54.455Z"}
{"level":"info","message":"GET /api/review/stats","timestamp":"2026-05-25T11:08:54.477Z"}
{"level":"info","message":"GET /api/notes","timestamp":"2026-05-25T11:09:32.069Z"}
{"level":"info","message":"GET /api/review/due","timestamp":"2026-05-25T11:09:32.089Z"}
{"level":"info","message":"GET /api/review/stats","timestamp":"2026-05-25T11:09:32.107Z"}
{"level":"info","message":"GET /api/notes","timestamp":"2026-05-25T11:09:48.736Z"}
{"level":"info","message":"GET /api/review/due","timestamp":"2026-05-25T11:09:48.763Z"}
{"level":"info","message":"GET /api/review/stats","timestamp":"2026-05-25T11:09:48.785Z"}
{"level":"info","message":"GET /api/notes","timestamp":"2026-05-25T11:10:01.655Z"}
{"level":"info","message":"GET /api/review/due","timestamp":"2026-05-25T11:10:01.674Z"}
{"level":"info","message":"GET /api/review/stats","timestamp":"2026-05-25T11:10:01.692Z"}
{"level":"info","message":"GET /api/notes","timestamp":"2026-05-25T11:25:38.527Z"}
{"level":"info","message":"GET /api/review/due","timestamp":"2026-05-25T11:25:38.549Z"}
{"level":"info","message":"GET /api/review/stats","timestamp":"2026-05-25T11:25:38.572Z"}
{"level":"info","message":"POST /api/review/schedule/1","timestamp":"2026-05-25T11:25:48.387Z"}
{"level":"info","message":"GET /api/notes","timestamp":"2026-05-25T11:29:14.022Z"}
{"level":"info","message":"GET /api/review/due","timestamp":"2026-05-25T11:29:14.040Z"}
{"level":"info","message":"GET /api/review/stats","timestamp":"2026-05-25T11:29:14.059Z"}
{"level":"info","message":"GET /api/notes","timestamp":"2026-05-25T11:29:20.491Z"}
{"level":"info","message":"GET /api/review/due","timestamp":"2026-05-25T11:29:20.505Z"}
{"level":"info","message":"GET /api/review/stats","timestamp":"2026-05-25T11:29:20.521Z"}
{"level":"info","message":"GET /api/notes","timestamp":"2026-05-25T11:32:33.434Z"}
{"level":"info","message":"GET /api/review/due","timestamp":"2026-05-25T11:32:33.453Z"}
{"level":"info","message":"GET /api/review/stats","timestamp":"2026-05-25T11:32:33.472Z"}
{"level":"info","message":"GET /api/notes","timestamp":"2026-05-25T11:40:18.005Z"}
{"level":"info","message":"GET /api/review/due","timestamp":"2026-05-25T11:40:18.030Z"}
{"level":"info","message":"GET /api/review/stats","timestamp":"2026-05-25T11:40:18.056Z"}
{"level":"info","message":"GET /api/notes","timestamp":"2026-05-25T11:41:32.070Z"}
{"level":"info","message":"GET /api/review/due","timestamp":"2026-05-25T11:41:32.100Z"}
{"level":"info","message":"GET /api/review/stats","timestamp":"2026-05-25T11:41:32.130Z"}
{"level":"info","message":"POST /api/review/schedule/1","timestamp":"2026-05-25T11:57:34.980Z"}
{"level":"info","message":"POST /api/review/schedule/1","timestamp":"2026-05-25T11:57:39.570Z"}
{"level":"info","message":"GET /api/notes","timestamp":"2026-05-25T12:10:07.528Z"}
{"level":"info","message":"GET /api/review/due","timestamp":"2026-05-25T12:10:07.582Z"}
{"level":"info","message":"GET /api/review/stats","timestamp":"2026-05-25T12:10:07.604Z"}
{"level":"info","message":"GET /api/review/due","timestamp":"2026-05-25T12:10:38.078Z"}
{"level":"info","message":"GET /api/review/due","timestamp":"2026-05-25T12:11:08.065Z"}
{"level":"info","message":"GET /api/review/due","timestamp":"2026-05-25T12:11:38.078Z"}
{"level":"info","message":"GET /api/review/due","timestamp":"2026-05-25T12:12:07.629Z"}
{"level":"info","message":"GET /api/review/due","timestamp":"2026-05-25T12:12:38.072Z"}
{"level":"info","message":"GET /api/review/due","timestamp":"2026-05-25T12:13:08.065Z"}
{"level":"info","message":"GET /api/review/due","timestamp":"2026-05-25T12:13:38.077Z"}
{"level":"info","message":"GET /api/notes","timestamp":"2026-05-25T12:13:58.546Z"}
{"level":"info","message":"GET /api/review/due","timestamp":"2026-05-25T12:13:58.565Z"}
{"level":"info","message":"GET /api/review/stats","timestamp":"2026-05-25T12:13:58.585Z"}
{"level":"info","message":"GET /api/review/due","timestamp":"2026-05-25T12:14:29.068Z"}
{"level":"info","message":"GET /api/review/due","timestamp":"2026-05-25T12:14:59.070Z"}
{"level":"info","message":"GET /api/review/due","timestamp":"2026-05-25T12:15:29.080Z"}
{"level":"info","message":"GET /api/review/due","timestamp":"2026-05-25T12:15:59.073Z"}
{"level":"info","message":"GET /api/review/due","timestamp":"2026-05-25T12:16:29.074Z"}
{"level":"info","message":"GET /api/review/due","timestamp":"2026-05-25T12:16:59.069Z"}
{"level":"info","message":"GET /api/review/due","timestamp":"2026-05-25T12:17:29.082Z"}
{"level":"info","message":"GET /api/review/due","timestamp":"2026-05-25T12:18:30.074Z"}
{"level":"info","message":"GET /api/review/due","timestamp":"2026-05-25T12:19:31.072Z"}
{"level":"info","message":"GET /api/review/due","timestamp":"2026-05-25T12:20:32.078Z"}
{"level":"info","message":"GET /api/review/due","timestamp":"2026-05-25T12:21:33.082Z"}
{"level":"info","message":"GET /api/review/due","timestamp":"2026-05-25T12:22:34.078Z"}
{"level":"info","message":"GET /api/review/due","timestamp":"2026-05-25T12:23:35.075Z"}
{"level":"info","message":"GET /api/review/due","timestamp":"2026-05-25T12:24:36.069Z"}
{"level":"info","message":"GET /api/review/due","timestamp":"2026-05-25T12:25:37.074Z"}
{"level":"info","message":"GET /api/review/due","timestamp":"2026-05-25T12:26:38.072Z"}
{"level":"info","message":"GET /api/review/due","timestamp":"2026-05-25T12:27:39.081Z"}
{"level":"info","message":"GET /api/review/due","timestamp":"2026-05-25T12:28:40.081Z"}
{"level":"info","message":"GET /api/review/due","timestamp":"2026-05-25T12:29:41.076Z"}
{"level":"info","message":"GET /api/review/due","timestamp":"2026-05-25T12:30:42.077Z"}
{"level":"info","message":"GET /api/review/due","timestamp":"2026-05-25T12:31:26.802Z"}
{"level":"info","message":"GET /api/notes","timestamp":"2026-05-25T12:31:28.700Z"}
{"level":"info","message":"GET /api/review/due","timestamp":"2026-05-25T12:31:28.721Z"}
{"level":"info","message":"GET /api/review/stats","timestamp":"2026-05-25T12:31:28.740Z"}
{"level":"info","message":"DELETE /api/review/schedule/1","timestamp":"2026-05-25T12:31:35.428Z"}
{"level":"info","message":"POST /api/review/schedule/1","timestamp":"2026-05-25T12:31:46.704Z"}
{"level":"info","message":"GET /api/review/due","timestamp":"2026-05-25T12:31:58.772Z"}
{"level":"info","message":"POST /api/review/review/1779712306696","timestamp":"2026-05-25T12:32:00.824Z"}
{"level":"info","message":"数据库连接成功","timestamp":"2026-05-26T11:23:38.698Z"}
{"level":"info","message":"数据表同步完成","timestamp":"2026-05-26T11:23:38.719Z"}
{"level":"info","message":"服务器运行在端口 3000","timestamp":"2026-05-26T11:23:38.726Z"}
{"level":"info","message":"GET /api/notes","timestamp":"2026-05-26T11:23:42.117Z"}
{"level":"info","message":"GET /api/review/due","timestamp":"2026-05-26T11:23:42.224Z"}
{"level":"info","message":"GET /api/review/stats","timestamp":"2026-05-26T11:23:42.276Z"}
{"level":"info","message":"POST /api/review/review/2","timestamp":"2026-05-26T11:23:50.805Z"}
{"level":"info","message":"GET /api/review/due","timestamp":"2026-05-26T11:24:12.318Z"}
{"level":"info","message":"GET /api/review/due","timestamp":"2026-05-26T11:24:42.314Z"}
{"level":"info","message":"GET /api/review/due","timestamp":"2026-05-26T11:25:12.315Z"}
{"level":"info","message":"GET /api/review/due","timestamp":"2026-05-26T11:25:42.329Z"}
{"level":"info","message":"GET /api/review/due","timestamp":"2026-05-26T11:26:12.328Z"}
{"level":"info","message":"GET /api/review/due","timestamp":"2026-05-26T11:26:42.307Z"}
{"level":"info","message":"GET /api/review/due","timestamp":"2026-05-26T11:27:12.329Z"}
{"level":"info","message":"GET /api/review/due","timestamp":"2026-05-26T11:27:42.310Z"}
{"level":"info","message":"GET /api/review/due","timestamp":"2026-05-26T11:28:12.307Z"}
{"level":"info","message":"GET /api/review/due","timestamp":"2026-05-26T11:28:42.312Z"}
{"level":"info","message":"GET /api/review/due","timestamp":"2026-05-26T11:29:12.330Z"}
{"level":"info","message":"GET /api/review/due","timestamp":"2026-05-26T11:29:42.321Z"}
{"level":"info","message":"GET /api/review/due","timestamp":"2026-05-26T11:30:12.322Z"}
{"level":"info","message":"GET /api/review/due","timestamp":"2026-05-26T11:30:42.317Z"}
{"level":"info","message":"GET /api/review/due","timestamp":"2026-05-26T11:31:12.314Z"}
{"level":"info","message":"GET /api/review/due","timestamp":"2026-05-26T11:31:42.316Z"}
{"level":"info","message":"GET /api/review/due","timestamp":"2026-05-26T11:32:12.315Z"}
{"level":"info","message":"GET /api/review/due","timestamp":"2026-05-26T11:32:42.319Z"}
{"level":"info","message":"GET /api/review/due","timestamp":"2026-05-26T11:33:12.322Z"}
{"level":"info","message":"GET /api/review/due","timestamp":"2026-05-26T11:33:42.324Z"}
{"level":"info","message":"GET /api/review/due","timestamp":"2026-05-26T11:34:12.306Z"}
{"level":"info","message":"GET /api/review/due","timestamp":"2026-05-26T11:34:42.307Z"}
{"level":"info","message":"GET /api/review/due","timestamp":"2026-05-26T11:35:12.329Z"}
{"level":"info","message":"GET /api/review/due","timestamp":"2026-05-26T11:35:42.332Z"}
{"level":"info","message":"GET /api/review/due","timestamp":"2026-05-26T11:36:12.315Z"}
{"level":"info","message":"GET /api/review/due","timestamp":"2026-05-26T11:36:42.333Z"}
{"level":"info","message":"GET /api/review/due","timestamp":"2026-05-26T11:37:12.314Z"}
{"level":"info","message":"GET /api/review/due","timestamp":"2026-05-26T11:37:42.328Z"}
{"level":"info","message":"GET /api/review/due","timestamp":"2026-05-26T11:38:12.310Z"}
{"level":"info","message":"GET /api/review/due","timestamp":"2026-05-26T11:38:42.311Z"}
{"level":"info","message":"GET /api/review/due","timestamp":"2026-05-26T11:39:12.324Z"}
{"level":"info","message":"GET /api/review/due","timestamp":"2026-05-26T11:39:42.318Z"}
{"level":"info","message":"GET /api/notes","timestamp":"2026-05-26T11:39:49.957Z"}
{"level":"info","message":"GET /api/review/due","timestamp":"2026-05-26T11:39:49.981Z"}
{"level":"info","message":"GET /api/review/stats","timestamp":"2026-05-26T11:39:49.999Z"}
{"level":"info","message":"GET /api/notes","timestamp":"2026-05-26T11:49:02.098Z"}
{"level":"info","message":"GET /api/review/due","timestamp":"2026-05-26T11:49:02.120Z"}
{"level":"info","message":"GET /api/review/stats","timestamp":"2026-05-26T11:49:02.165Z"}
{"level":"info","message":"POST /api/review/review/3","timestamp":"2026-05-26T11:49:08.166Z"}
{"level":"info","message":"GET /api/notes","timestamp":"2026-05-26T11:49:10.116Z"}
{"level":"info","message":"GET /api/review/due","timestamp":"2026-05-26T11:49:10.138Z"}
{"level":"info","message":"GET /api/review/stats","timestamp":"2026-05-26T11:49:10.156Z"}
{"level":"info","message":"GET /api/notes","timestamp":"2026-05-26T11:49:11.544Z"}
{"level":"info","message":"GET /api/review/due","timestamp":"2026-05-26T11:49:11.563Z"}
{"level":"info","message":"GET /api/review/stats","timestamp":"2026-05-26T11:49:11.581Z"}
{"level":"info","message":"GET /api/notes","timestamp":"2026-05-26T11:49:13.703Z"}
{"level":"info","message":"GET /api/review/due","timestamp":"2026-05-26T11:49:13.752Z"}
{"level":"info","message":"GET /api/review/stats","timestamp":"2026-05-26T11:49:13.785Z"}
{"level":"info","message":"GET /api/notes","timestamp":"2026-05-26T11:49:14.615Z"}
{"level":"info","message":"GET /api/review/due","timestamp":"2026-05-26T11:49:14.640Z"}
{"level":"info","message":"GET /api/review/stats","timestamp":"2026-05-26T11:49:14.661Z"}
{"level":"info","message":"GET /api/notes","timestamp":"2026-05-26T11:49:16.171Z"}
{"level":"info","message":"GET /api/review/due","timestamp":"2026-05-26T11:49:16.189Z"}
{"level":"info","message":"GET /api/review/stats","timestamp":"2026-05-26T11:49:16.208Z"}
{"level":"info","message":"DELETE /api/review/schedule/2","timestamp":"2026-05-26T11:49:30.104Z"}
{"level":"info","message":"POST /api/review/review/1","timestamp":"2026-05-26T11:49:38.804Z"}
{"level":"info","message":"GET /api/notes","timestamp":"2026-05-26T11:49:40.278Z"}
{"level":"info","message":"GET /api/review/due","timestamp":"2026-05-26T11:49:40.298Z"}
{"level":"info","message":"GET /api/review/stats","timestamp":"2026-05-26T11:49:40.316Z"}
{"level":"info","message":"GET /api/notes","timestamp":"2026-05-26T11:49:41.429Z"}
{"level":"info","message":"GET /api/review/due","timestamp":"2026-05-26T11:49:41.447Z"}
{"level":"info","message":"GET /api/review/stats","timestamp":"2026-05-26T11:49:41.465Z"}
{"level":"info","message":"GET /api/notes","timestamp":"2026-05-26T11:49:42.997Z"}
{"level":"info","message":"GET /api/review/due","timestamp":"2026-05-26T11:49:43.021Z"}
{"level":"info","message":"GET /api/review/stats","timestamp":"2026-05-26T11:49:43.040Z"}
{"level":"info","message":"GET /api/notes","timestamp":"2026-05-26T11:49:44.071Z"}
{"level":"info","message":"GET /api/notes","timestamp":"2026-05-26T12:07:50.830Z"}
{"level":"info","message":"GET /api/notes","timestamp":"2026-05-26T12:13:21.914Z"}
{"level":"info","message":"GET /api/notes/1/sections","timestamp":"2026-05-26T12:13:48.535Z"}
{"level":"info","message":"GET /api/notes/4/sections","timestamp":"2026-05-26T12:13:54.217Z"}
{"level":"info","message":"GET /api/notes/1/sections","timestamp":"2026-05-26T12:14:00.317Z"}
{"level":"info","message":"GET /api/notes","timestamp":"2026-05-26T12:14:51.724Z"}
{"level":"info","message":"GET /api/review/due","timestamp":"2026-05-26T12:14:51.795Z"}
{"level":"info","message":"GET /api/review/stats","timestamp":"2026-05-26T12:14:51.817Z"}
{"level":"info","message":"GET /api/notes","timestamp":"2026-05-26T12:14:59.979Z"}
{"level":"info","message":"GET /api/notes","timestamp":"2026-05-26T12:15:02.768Z"}
{"level":"info","message":"GET /api/review/due","timestamp":"2026-05-26T12:15:02.791Z"}
{"level":"info","message":"GET /api/review/stats","timestamp":"2026-05-26T12:15:02.808Z"}
{"level":"info","message":"GET /api/notes","timestamp":"2026-05-26T12:15:03.567Z"}
{"level":"info","message":"GET /api/notes","timestamp":"2026-05-26T12:16:05.333Z"}
{"level":"info","message":"GET /api/review/due","timestamp":"2026-05-26T12:16:05.352Z"}
{"level":"info","message":"GET /api/review/stats","timestamp":"2026-05-26T12:16:05.370Z"}
{"level":"info","message":"GET /api/notes","timestamp":"2026-05-26T12:16:08.579Z"}
{"level":"info","message":"GET /api/notes","timestamp":"2026-05-26T12:16:10.597Z"}
{"level":"info","message":"GET /api/review/due","timestamp":"2026-05-26T12:16:10.615Z"}
{"level":"info","message":"GET /api/review/stats","timestamp":"2026-05-26T12:16:10.630Z"}
{"level":"info","message":"GET /api/notes","timestamp":"2026-05-26T12:16:11.620Z"}
{"level":"info","message":"GET /api/review/due","timestamp":"2026-05-26T12:16:11.679Z"}
{"level":"info","message":"GET /api/review/stats","timestamp":"2026-05-26T12:16:11.721Z"}
{"level":"info","message":"GET /api/review/due","timestamp":"2026-05-26T12:16:42.070Z"}
{"level":"info","message":"GET /api/review/due","timestamp":"2026-05-26T12:17:12.068Z"}
{"level":"info","message":"GET /api/review/due","timestamp":"2026-05-26T12:17:42.065Z"}
{"level":"info","message":"GET /api/review/due","timestamp":"2026-05-26T12:18:12.078Z"}
{"level":"info","message":"GET /api/review/due","timestamp":"2026-05-26T12:18:42.074Z"}
{"level":"info","message":"GET /api/review/due","timestamp":"2026-05-26T12:19:12.069Z"}
{"level":"info","message":"GET /api/review/due","timestamp":"2026-05-26T12:20:25.075Z"}
{"level":"info","message":"GET /api/review/due","timestamp":"2026-05-26T12:21:26.076Z"}
{"level":"info","message":"GET /api/review/due","timestamp":"2026-05-26T12:22:27.077Z"}
{"level":"info","message":"GET /api/review/due","timestamp":"2026-05-26T12:23:28.080Z"}
{"level":"info","message":"GET /api/review/due","timestamp":"2026-05-26T12:24:29.070Z"}
{"level":"info","message":"GET /api/review/due","timestamp":"2026-05-26T12:25:30.080Z"}
{"level":"info","message":"GET /api/review/due","timestamp":"2026-05-26T12:26:30.073Z"}
{"level":"info","message":"GET /api/review/due","timestamp":"2026-05-26T12:27:30.076Z"}
{"level":"info","message":"GET /api/review/due","timestamp":"2026-05-26T12:28:30.082Z"}
{"level":"info","message":"GET /api/review/due","timestamp":"2026-05-26T12:29:30.072Z"}
{"level":"info","message":"GET /api/review/due","timestamp":"2026-05-26T12:30:30.067Z"}
{"level":"info","message":"GET /api/review/due","timestamp":"2026-05-26T12:30:42.069Z"}
{"level":"info","message":"GET /api/review/due","timestamp":"2026-05-26T12:31:12.075Z"}
{"level":"info","message":"GET /api/review/due","timestamp":"2026-05-26T12:31:42.068Z"}
{"level":"info","message":"GET /api/review/due","timestamp":"2026-05-26T12:32:30.067Z"}
{"level":"info","message":"GET /api/review/due","timestamp":"2026-05-26T12:33:30.079Z"}
{"level":"info","message":"GET /api/review/due","timestamp":"2026-05-26T12:34:30.078Z"}
{"level":"info","message":"GET /api/review/due","timestamp":"2026-05-26T12:35:30.069Z"}
{"level":"info","message":"GET /api/review/due","timestamp":"2026-05-26T12:36:30.069Z"}
{"level":"info","message":"GET /api/review/due","timestamp":"2026-05-26T12:37:30.067Z"}
{"level":"info","message":"GET /api/review/due","timestamp":"2026-05-26T12:38:29.033Z"}
{"level":"info","message":"GET /api/review/due","timestamp":"2026-05-26T12:38:42.073Z"}
{"level":"info","message":"GET /api/review/due","timestamp":"2026-05-26T12:39:12.066Z"}
{"level":"info","message":"GET /api/review/due","timestamp":"2026-05-26T12:40:23.071Z"}
{"level":"info","message":"GET /api/review/due","timestamp":"2026-05-26T12:41:24.070Z"}
{"level":"info","message":"GET /api/review/due","timestamp":"2026-05-26T12:42:25.074Z"}
{"level":"info","message":"GET /api/review/due","timestamp":"2026-05-26T12:43:24.916Z"}
{"level":"info","message":"GET /api/notes","timestamp":"2026-05-26T12:43:26.532Z"}
{"level":"info","message":"GET /api/review/due","timestamp":"2026-05-26T12:43:26.562Z"}
{"level":"info","message":"GET /api/review/stats","timestamp":"2026-05-26T12:43:26.577Z"}
{"level":"info","message":"GET /api/notes","timestamp":"2026-05-26T12:43:27.888Z"}
{"level":"info","message":"GET /api/notes","timestamp":"2026-05-26T12:45:15.193Z"}
{"level":"info","message":"GET /api/review/due","timestamp":"2026-05-26T12:45:15.221Z"}
{"level":"info","message":"GET /api/review/stats","timestamp":"2026-05-26T12:45:15.244Z"}
{"level":"info","message":"数据库连接成功","timestamp":"2026-06-08T05:24:44.696Z"}
{"level":"info","message":"数据表同步完成","timestamp":"2026-06-08T05:24:44.717Z"}
{"level":"info","message":"服务器运行在端口 3000","timestamp":"2026-06-08T05:24:44.725Z"}
{"level":"info","message":"GET /api/notes","timestamp":"2026-06-08T05:25:05.136Z"}
{"level":"info","message":"GET /api/review/due","timestamp":"2026-06-08T05:25:05.217Z"}
{"level":"info","message":"GET /api/review/stats","timestamp":"2026-06-08T05:25:05.233Z"}
{"level":"info","message":"GET /api/notes","timestamp":"2026-06-08T05:25:10.561Z"}
{"level":"info","message":"GET /api/review/due","timestamp":"2026-06-08T05:25:10.655Z"}
{"level":"info","message":"GET /api/review/stats","timestamp":"2026-06-08T05:25:10.669Z"}
{"level":"info","message":"POST /api/review/review/3","timestamp":"2026-06-08T05:25:17.142Z"}
{"level":"info","message":"POST /api/review/review/1","timestamp":"2026-06-08T05:25:21.914Z"}
{"level":"info","message":"GET /api/review/due","timestamp":"2026-06-08T05:25:40.682Z"}
{"level":"info","message":"GET /api/review/due","timestamp":"2026-06-08T05:26:11.074Z"}
{"level":"info","message":"GET /api/review/due","timestamp":"2026-06-08T05:26:41.074Z"}
{"level":"info","message":"GET /api/review/due","timestamp":"2026-06-08T05:27:11.071Z"}
{"level":"info","message":"GET /api/review/due","timestamp":"2026-06-08T05:27:41.074Z"}
{"level":"info","message":"GET /api/review/due","timestamp":"2026-06-08T05:28:11.069Z"}
{"level":"info","message":"GET /api/notes","timestamp":"2026-06-08T05:28:50.384Z"}
{"level":"info","message":"GET /api/review/due","timestamp":"2026-06-08T05:28:50.416Z"}
{"level":"info","message":"GET /api/review/stats","timestamp":"2026-06-08T05:28:50.433Z"}
{"level":"info","message":"GET /api/review/due","timestamp":"2026-06-08T05:29:21.081Z"}
{"level":"info","message":"GET /api/review/due","timestamp":"2026-06-08T05:29:51.074Z"}
{"level":"info","message":"GET /api/review/due","timestamp":"2026-06-08T05:30:21.068Z"}
{"level":"info","message":"GET /api/review/due","timestamp":"2026-06-08T05:30:51.077Z"}
{"level":"info","message":"GET /api/review/due","timestamp":"2026-06-08T05:31:21.074Z"}
{"level":"info","message":"GET /api/review/due","timestamp":"2026-06-08T05:31:51.076Z"}
{"level":"info","message":"GET /api/review/due","timestamp":"2026-06-08T05:32:21.079Z"}
{"level":"info","message":"GET /api/notes","timestamp":"2026-06-08T05:32:27.227Z"}
{"level":"info","message":"GET /api/review/due","timestamp":"2026-06-08T05:32:27.243Z"}
{"level":"info","message":"GET /api/review/stats","timestamp":"2026-06-08T05:32:27.255Z"}
{"level":"info","message":"DELETE /api/review/schedule/1","timestamp":"2026-06-08T05:32:36.991Z"}
{"level":"info","message":"DELETE /api/review/schedule/3","timestamp":"2026-06-08T05:32:39.921Z"}
{"level":"info","message":"GET /api/notes","timestamp":"2026-06-08T05:32:50.283Z"}
{"level":"info","message":"GET /api/review/due","timestamp":"2026-06-08T05:32:50.317Z"}
{"level":"info","message":"GET /api/review/stats","timestamp":"2026-06-08T05:32:50.330Z"}
{"level":"info","message":"GET /api/notes","timestamp":"2026-06-08T05:32:52.154Z"}
{"level":"info","message":"GET /api/notes","timestamp":"2026-06-08T05:38:14.398Z"}
